-- MySQL dump 10.13  Distrib 5.7.12, for Win64 (x86_64)
--
-- Host: localhost    Database: cbd1
-- ------------------------------------------------------
-- Server version	5.7.16-log

/*!40101 SET @OLD_CHARACTER_SET_CLIENT=@@CHARACTER_SET_CLIENT */;
/*!40101 SET @OLD_CHARACTER_SET_RESULTS=@@CHARACTER_SET_RESULTS */;
/*!40101 SET @OLD_COLLATION_CONNECTION=@@COLLATION_CONNECTION */;
/*!40101 SET NAMES utf8 */;
/*!40103 SET @OLD_TIME_ZONE=@@TIME_ZONE */;
/*!40103 SET TIME_ZONE='+00:00' */;
/*!40014 SET @OLD_UNIQUE_CHECKS=@@UNIQUE_CHECKS, UNIQUE_CHECKS=0 */;
/*!40014 SET @OLD_FOREIGN_KEY_CHECKS=@@FOREIGN_KEY_CHECKS, FOREIGN_KEY_CHECKS=0 */;
/*!40101 SET @OLD_SQL_MODE=@@SQL_MODE, SQL_MODE='NO_AUTO_VALUE_ON_ZERO' */;
/*!40111 SET @OLD_SQL_NOTES=@@SQL_NOTES, SQL_NOTES=0 */;

--
-- Table structure for table `cargos`
--

DROP TABLE IF EXISTS `cargos`;
/*!40101 SET @saved_cs_client     = @@character_set_client */;
/*!40101 SET character_set_client = utf8 */;
CREATE TABLE `cargos` (
  `idcargo` smallint(6) NOT NULL,
  `cargo` varchar(50) NOT NULL,
  PRIMARY KEY (`idcargo`)
) ENGINE=InnoDB DEFAULT CHARSET=utf8;
/*!40101 SET character_set_client = @saved_cs_client */;

--
-- Dumping data for table `cargos`
--

LOCK TABLES `cargos` WRITE;
/*!40000 ALTER TABLE `cargos` DISABLE KEYS */;
INSERT INTO `cargos` VALUES (1,'Gerente Gral'),(2,'Supervisor'),(3,'Encargado'),(4,'Empleado'),(5,'Jefe de Sector'),(6,'Director ');
/*!40000 ALTER TABLE `cargos` ENABLE KEYS */;
UNLOCK TABLES;

--
-- Table structure for table `categorias`
--

DROP TABLE IF EXISTS `categorias`;
/*!40101 SET @saved_cs_client     = @@character_set_client */;
/*!40101 SET character_set_client = utf8 */;
CREATE TABLE `categorias` (
  `idcategoria` smallint(6) NOT NULL,
  `categoria` varchar(50) NOT NULL,
  `descripcion` varchar(255) DEFAULT NULL,
  PRIMARY KEY (`idcategoria`)
) ENGINE=InnoDB DEFAULT CHARSET=utf8;
/*!40101 SET character_set_client = @saved_cs_client */;

--
-- Dumping data for table `categorias`
--

LOCK TABLES `categorias` WRITE;
/*!40000 ALTER TABLE `categorias` DISABLE KEYS */;
INSERT INTO `categorias` VALUES (1,'Bebidas','Gaseosas, café, té, cervezas y maltas'),(2,'Condimentos','Salsas dulces y picantes, delicias, comida para untar y aderezos'),(3,'Repostería','Postres, dulces y pan dulce'),(4,'Lácteos','Quesos'),(5,'Granos/Cereales','Pan, galletas, pasta y cereales'),(6,'Carnes','Carnes preparadas'),(7,'Frutas/Verduras','Frutas secas y queso de soja'),(8,'Pescado/Marisco','Pescados, mariscos y algas');
/*!40000 ALTER TABLE `categorias` ENABLE KEYS */;
UNLOCK TABLES;

--
-- Table structure for table `clientes`
--

DROP TABLE IF EXISTS `clientes`;
/*!40101 SET @saved_cs_client     = @@character_set_client */;
/*!40101 SET character_set_client = utf8 */;
CREATE TABLE `clientes` (
  `idcliente` int(11) NOT NULL,
  `cliente` varchar(50) NOT NULL,
  `direccion` varchar(255) DEFAULT NULL,
  `ciudad` varchar(25) DEFAULT NULL,
  `codpostal` varchar(12) DEFAULT NULL,
  `pais` varchar(25) DEFAULT NULL,
  `telefono` varchar(25) DEFAULT NULL,
  PRIMARY KEY (`idcliente`)
) ENGINE=InnoDB DEFAULT CHARSET=utf8;
/*!40101 SET character_set_client = @saved_cs_client */;

--
-- Dumping data for table `clientes`
--

LOCK TABLES `clientes` WRITE;
/*!40000 ALTER TABLE `clientes` DISABLE KEYS */;
INSERT INTO `clientes` VALUES (1,'Alfreds Futterkiste','Obere Str. 57','Berlín','12209','Alemania','030-0074321'),(2,'Ana Trujillo Emparedados y helados','Avda. de la Constitución 2222','México D.F.','5021','México','(5) 555-4729'),(3,'Antonio Moreno Taquería','Mataderos  2312','México D.F.','5023','México','(5) 555-3932'),(4,'Around the Horn','120 Hanover Sq.','Londres','WA1 1DP','Reino Unido','(71) 555-7788'),(5,'Berglunds snabbköp','Berguvsvägen  8','Luleå','S-958 22','Suecia','0921-12 34 65'),(6,'Blauer See Delikatessen','Forsterstr. 57','Mannheim','68306','Alemania','0621-08460'),(7,'Blondel père et fils','24, place Kléber','Estrasburgo','67000','Francia','88.60.15.31'),(8,'Bólido Comidas preparadas','C/ Araquil, 67','Madrid','28023','España','(91) 555 22 82'),(9,'Bon app','12, rue des Bouchers','Marsella','13008','Francia','91.24.45.40'),(10,'Bottom-Dollar Markets','23 Tsawassen Blvd.','Tsawassen','T2F 8M4','Canadá','(604) 555-4729'),(11,'B\'s Beverages','Fauntleroy Circus','Londres','EC2 5NT','Reino Unido','(71) 555-1212'),(12,'Cactus Comidas para llevar','Cerrito 333','Buenos Aires','1010','Argentina','(1) 135-5555'),(13,'Centro comercial Moctezuma','Sierras de Granada 9993','México D.F.','5022','México','(5) 555-3392'),(14,'Chop-suey Chinese','Hauptstr. 29','Berna','3012','Suiza','0452-076545'),(15,'Comércio Mineiro','Av. dos Lusíadas, 23','São Paulo','05432-043','Brasil','(11) 555-7647'),(16,'Consolidated Holdings','Berkeley Gardens12  Brewery','Londres','WX1 6LT','Reino Unido','(71) 555-2282'),(17,'Drachenblut Delikatessen','Walserweg 21','Aachen','52066','Alemania','0241-039123'),(18,'Du monde entier','67, rue des Cinquante Otages','Nantes','44000','Francia','40.67.88.88'),(19,'Eastern Connection','35 King George','Londres','WX3 6FW','Reino Unido','(71) 555-0297'),(20,'Ernst Handel','Kirchgasse 6','Graz','8010','Austria','7675-3425'),(21,'Familia Arquibaldo','Rua Orós, 92','Sao Paulo','05442-030','Brasil','(11) 555-9857'),(22,'FISSA Fabrica Inter. Salchichas S.A.','C/ Moralzarzal, 86','Madrid','28034','España','(91) 555 94 44'),(23,'Folies gourmandes','184, chaussée de Tournai','Lille','59000','Francia','20.16.10.16'),(24,'Folk och fä HB','Åkergatan 24','Bräcke','S-844 67','Suecia','0695-34 67 21'),(25,'Frankenversand','Berliner Platz 43','München','80805','Alemania','089-0877310'),(26,'France restauration','54, rue Royale','Nantes','44000','Francia','40.32.21.21'),(27,'Franchi S.p.A.','Via Monte Bianco 34','Torino','10100','Italia','011-4988260'),(28,'Furia Bacalhau e Frutos do Mar','Jardim das rosas n. 32','Lisboa','1675','Portugal','(1) 354-2534'),(29,'Galería del gastrónomo','Rambla de Cataluña, 23','Barcelona','8022','España','(93) 203 4560'),(30,'Godos Cocina Típica','C/ Romero, 33','Sevilla','41101','España','(95) 555 82 82'),(31,'Gourmet Lanchonetes','Av. Brasil, 442','Campinas','04876-786','Brasil','(11) 555-9482'),(32,'Great Lakes Food Market','2732 Baker Blvd.','Eugenia','97403','Estados Unidos','(503) 555-7555'),(33,'GROSELLA-Restaurante','5ª Ave. Los Palos Grandes','Caracas','1081','Venezuela','(2) 283-2951'),(34,'Hanari Carnes','Rua do Paço, 67','Rio de Janeiro','05454-876','Brasil','(21) 555-0091'),(35,'HILARIÓN-Abastos','Carrera 22 con Ave. Carlos Soublette #8-35','San Cristóbal','5022','Venezuela','(5) 555-1340'),(36,'Hungry Coyote Import Store','City Center Plaza516 Main St.','Elgin','97827','Estados Unidos','(503) 555-6874'),(37,'Hungry Owl All-Night Grocers','8 Johnstown Road','Cork','\'\'','Irlanda','2967 542'),(38,'Island Trading','Garden HouseCrowther Way','Cowes','PO31 7PJ','Reino Unido','(198) 555-8888'),(39,'Königlich Essen','Maubelstr. 90','Brandenburgo','14776','Alemania','0555-09876'),(40,'La corne d\'abondance','67, avenue de l\'Europe','Versalles','78000','Francia','30.59.84.10'),(41,'La maison d\'Asie','1 rue Alsace-Lorraine','Toulouse','31000','Francia','61.77.61.10'),(42,'Laughing Bacchus Wine Cellars','1900 Oak St.','Vancouver','V3F 2K1','Canadá','(604) 555-3392'),(43,'Lazy K Kountry Store','12 Orchestra Terrace','Walla Walla','99362','Estados Unidos','(509) 555-7969'),(44,'Lehmanns Marktstand','Magazinweg 7','Francfurt','60528','Alemania','069-0245984'),(45,'Let\'s Stop N Shop','87 Polk St.Suite 5','San Francisco','94117','Estados Unidos','(415) 555-5938'),(46,'LILA-Supermercado','Carrera 52 con Ave. Bolívar #65-98 Llano Largo','Barquisimeto','3508','Venezuela','(9) 331-6954'),(47,'LINO-Delicateses','Ave. 5 de Mayo Porlamar','I. de Margarita','4980','Venezuela','(8) 34-56-12'),(48,'Lonesome Pine Restaurant','89 Chiaroscuro Rd.','Portland','97219','Estados Unidos','(503) 555-9573'),(49,'Magazzini Alimentari Riuniti','Via Ludovico il Moro 22','Bérgamo','24100','Italia','035-640230'),(50,'Maison Dewey','Rue Joseph-Bens 532','Bruselas','B-1180','Bélgica','(02) 201 24 67'),(51,'Mère Paillarde','43 rue St. Laurent','Montreal','H1J 1C3','Canadá','(514) 555-8054'),(52,'Morgenstern Gesundkost','Heerstr. 22','Leipzig','4179','Alemania','0342-023176'),(53,'North/South','South House300 Queensbridge','Londres','SW7 1RZ','Reino Unido','(71) 555-7733'),(54,'Océano Atlántico Ltda.','Ing. Gustavo Moncada 8585Piso 20-A','Buenos Aires','1010','Argentina','(1) 135-5333'),(55,'Old World Delicatessen','2743 Bering St.','Anchorage','99508','Estados Unidos','(907) 555-7584'),(56,'Ottilies Käseladen','Mehrheimerstr. 369','Köln','50739','Alemania','0221-0644327'),(57,'Paris spécialités','265, boulevard Charonne','París','75012','Francia','(1) 42.34.22.66'),(58,'Pericles Comidas clásicas','Calle Dr. Jorge Cash 321','México D.F.','5033','México','(5) 552-3745'),(59,'Piccolo und mehr','Geislweg 14','Salzburgo','5020','Austria','6562-9722'),(60,'Princesa Isabel Vinhos','Estrada da saúde n. 58','Lisboa','1756','Portugal','(1) 356-5634'),(61,'Que Delícia','Rua da Panificadora, 12','Rio de Janeiro','02389-673','Brasil','(21) 555-4252'),(62,'Queen Cozinha','Alameda dos Canàrios, 891','Sao Paulo','05487-020','Brasil','(11) 555-1189'),(63,'QUICK-Stop','Taucherstraße 10','Cunewalde','1307','Alemania','0372-035188'),(64,'Rancho grande','Av. del Libertador 900','Buenos Aires','1010','Argentina','(1) 123-5555'),(65,'Rattlesnake Canyon Grocery','2817 Milton Dr.','Albuquerque','87110','Estados Unidos','(505) 555-5939'),(66,'Reggiani Caseifici','Strada Provinciale 124','Reggio Emilia','42100','Italia','0522-556721'),(67,'Ricardo Adocicados','Av. Copacabana, 267','Rio de Janeiro','02389-890','Brasil','(21) 555-3412'),(68,'Richter Supermarkt','Grenzacherweg 237','Génova','1203','Suiza','0897-034214'),(69,'Romero y tomillo','Gran Vía, 1','Madrid','28001','España','(91) 745 6200'),(70,'Santé Gourmet','Erling Skakkes gate 78','Stavern','4110','Noruega','07-98 92 35'),(71,'Save-a-lot Markets','187 Suffolk Ln.','Boise','83720','Estados Unidos','(208) 555-8097'),(72,'Seven Seas Imports','90 Wadhurst Rd.','Londres','OX15 4NB','Reino Unido','(71) 555-1717'),(73,'Simons bistro','Vinbæltet 34','København','1734','Dinamarca','31 12 34 56'),(74,'Spécialités du monde','25, rue Lauriston','París','75016','Francia','(1) 47.55.60.10'),(75,'Split Rail Beer & Ale','P.O. Box 555','Lander','82520','Estados Unidos','(307) 555-4680'),(76,'Suprêmes délices','Boulevard Tirou, 255','Charleroi','B-6000','Bélgica','(071) 23 67 22 20'),(77,'The Big Cheese','89 Jefferson WaySuite 2','Portland','97201','Estados Unidos','(503) 555-3612'),(78,'The Cracker Box','55 Grizzly Peak Rd.','Butte','59801','Estados Unidos','(406) 555-5834'),(79,'Toms Spezialitäten','Luisenstr. 48','Münster','44087','Alemania','0251-031259'),(80,'Tortuga Restaurante','Avda. Azteca 123','México D.F.','5033','México','(5) 555-2933'),(81,'Tradição Hipermercados','Av. Inês de Castro, 414','Sao Paulo','05634-030','Brasil','(11) 555-2167'),(82,'Trail\'s Head Gourmet Provisioners','722 DaVinci Blvd.','Kirkland','98034','Estados Unidos','(206) 555-8257'),(83,'Vaffeljernet','Smagsløget 45','Århus','8200','Dinamarca','86 21 32 43'),(84,'Victuailles en stock','2, rue du Commerce','Lion','69004','Francia','78.32.54.86'),(85,'Vins et alcools Chevalier','59 rue de l\'Abbaye','Reims','51100','Francia','26.47.15.10'),(86,'Die Wandernde Kuh','Adenauerallee 900','Stuttgart','70563','Alemania','0711-020361'),(87,'Wartian Herkku','Torikatu 38','Oulu','90110','Finlandia','981-443655'),(88,'Wellington Importadora','Rua do Mercado, 12','Resende','08737-363','Brasil','(14) 555-8122'),(89,'White Clover Markets','305 - 14th Ave. S.Suite 3B','Seattle','98128','Estados Unidos','(206) 555-4112'),(90,'Wilman Kala','Keskuskatu 45','Helsinki','21240','Finlandia','90-224 8858'),(91,'Wolski  Zajazd','ul. Filtrowa 68','Warszawa','01-012','Polonia','(26) 642-7012');
/*!40000 ALTER TABLE `clientes` ENABLE KEYS */;
UNLOCK TABLES;

--
-- Table structure for table `detalledepedidos`
--

DROP TABLE IF EXISTS `detalledepedidos`;
/*!40101 SET @saved_cs_client     = @@character_set_client */;
/*!40101 SET character_set_client = utf8 */;
CREATE TABLE `detalledepedidos` (
  `iddetalle` int(11) NOT NULL,
  `idpedido` int(11) NOT NULL,
  `idproducto` int(11) NOT NULL,
  `cantidad` int(11) NOT NULL,
  `descuento` int(11) NOT NULL,
  PRIMARY KEY (`iddetalle`),
  KEY `idpedido__index` (`idpedido`),
  KEY `idproducto__index` (`idproducto`),
  KEY `cantidad_index` (`cantidad`),
  KEY `descuento_index` (`descuento`),
  CONSTRAINT `fk_pedido` FOREIGN KEY (`idpedido`) REFERENCES `pedidos` (`idpedido`) ON DELETE NO ACTION ON UPDATE NO ACTION,
  CONSTRAINT `fk_producto` FOREIGN KEY (`idproducto`) REFERENCES `productos` (`idproducto`) ON DELETE NO ACTION ON UPDATE NO ACTION
) ENGINE=InnoDB DEFAULT CHARSET=utf8;
/*!40101 SET character_set_client = @saved_cs_client */;

--
-- Dumping data for table `detalledepedidos`
--

LOCK TABLES `detalledepedidos` WRITE;
/*!40000 ALTER TABLE `detalledepedidos` DISABLE KEYS */;
INSERT INTO `detalledepedidos` VALUES (1,1,11,12,0),(2,1,42,10,0),(3,1,72,5,0),(4,2,14,9,0),(5,2,51,40,0),(6,3,41,10,0),(7,3,51,35,15),(8,3,65,15,15),(9,4,22,6,5),(10,4,57,15,5),(11,4,65,20,0),(12,5,20,40,5),(13,5,33,25,5),(14,5,60,40,0),(15,6,31,20,0),(16,6,39,42,0),(17,6,49,40,0),(18,7,24,15,15),(19,7,55,21,15),(20,7,74,21,0),(21,8,2,20,0),(22,8,16,35,0),(23,8,36,25,0),(24,8,59,30,0),(25,9,53,15,0),(26,9,77,12,0),(27,10,27,25,0),(28,10,39,6,0),(29,10,77,15,0),(30,11,2,50,20),(31,11,5,65,20),(32,11,32,6,20),(33,12,21,10,0),(34,12,37,1,0),(35,13,41,16,25),(36,13,57,50,0),(37,13,62,15,25),(38,13,70,21,25),(39,14,21,20,0),(40,14,35,20,0),(41,15,5,12,20),(42,15,7,15,0),(43,15,56,2,0),(44,16,16,60,25),(45,16,24,28,0),(46,16,30,60,25),(47,16,74,36,25),(48,17,2,35,0),(49,17,41,25,15),(50,18,17,30,0),(51,18,70,20,0),(52,19,12,12,5),(53,20,40,50,0),(54,20,59,70,15),(55,20,76,15,15),(56,21,29,10,0),(57,21,72,4,0),(58,22,33,60,5),(59,22,72,20,5),(60,23,36,30,0),(61,23,43,25,0),(62,24,33,24,0),(63,25,20,6,0),(64,25,31,40,0),(65,25,72,24,0),(66,26,10,24,5),(67,26,31,15,5),(68,26,33,20,0),(69,26,40,60,5),(70,26,76,33,5),(71,27,71,20,0),(72,27,72,7,0),(73,28,24,12,5),(74,28,59,6,5),(75,29,10,15,0),(76,29,13,10,0),(77,30,28,20,0),(78,30,62,12,0),(79,31,44,16,0),(80,31,59,15,0),(81,31,63,8,0),(82,31,73,25,0),(83,32,17,15,25),(84,33,24,12,0),(85,33,55,20,0),(86,33,75,30,0),(87,34,19,1,0),(88,34,24,6,0),(89,34,35,4,0),(90,35,30,6,0),(91,35,57,2,0),(92,36,15,20,0),(93,36,19,18,0),(94,36,60,35,0),(95,36,72,3,0),(96,37,27,15,25),(97,37,44,21,0),(98,37,60,20,25),(99,37,67,5,25),(100,38,1,45,20),(101,38,40,40,20),(102,38,53,36,20),(103,39,35,100,0),(104,39,62,40,0),(105,40,16,40,15),(106,40,34,20,0),(107,40,46,15,15),(108,41,54,10,10),(109,41,68,3,10),(110,42,3,30,0),(111,42,64,9,0),(112,43,5,20,0),(113,43,29,15,0),(114,43,49,15,0),(115,43,77,10,0),(116,44,13,20,10),(117,44,44,24,10),(118,44,51,2,10),(119,45,20,20,0),(120,46,18,12,0),(121,46,24,10,0),(122,46,63,5,0),(123,46,75,6,0),(124,47,1,18,0),(125,47,17,15,0),(126,47,43,15,0),(127,47,60,21,0),(128,47,75,6,0),(129,48,56,4,0),(130,49,11,12,0),(131,49,16,30,0),(132,49,69,15,0),(133,50,39,60,0),(134,50,72,20,0),(135,51,2,40,0),(136,51,36,40,25),(137,51,59,30,25),(138,51,62,15,0),(139,52,19,15,0),(140,52,70,20,0),(141,53,66,30,0),(142,53,68,20,0),(143,54,40,10,0),(144,54,56,20,0),(145,55,17,40,0),(146,55,28,28,0),(147,55,43,12,0),(148,56,40,40,10),(149,56,65,30,10),(150,56,68,15,10),(151,57,49,30,0),(152,57,59,10,0),(153,57,71,2,0),(154,58,18,25,10),(155,58,29,25,10),(156,58,39,30,10),(157,59,30,10,0),(158,59,53,10,0),(159,59,54,5,0),(160,60,62,10,0),(161,60,68,3,0),(162,61,69,1,0),(163,61,70,5,0),(164,62,4,20,0),(165,62,6,30,0),(166,62,42,2,0),(167,62,43,20,0),(168,62,71,3,0),(169,63,16,10,0),(170,63,62,5,0),(171,64,42,6,0),(172,64,69,7,0),(173,65,28,4,0),(174,65,43,24,0),(175,65,53,20,0),(176,65,75,10,0),(177,66,36,12,0),(178,67,32,40,10),(179,67,58,30,10),(180,67,62,25,10),(181,68,34,14,0),(182,68,70,30,0),(183,69,41,10,0),(184,69,62,70,0),(185,70,1,20,0),(186,71,41,20,0),(187,71,76,6,0),(188,72,17,8,0),(189,72,28,14,0),(190,72,76,30,0),(191,73,71,30,0),(192,74,35,10,0),(193,75,52,20,0),(194,76,15,5,0),(195,76,25,4,0),(196,76,39,4,0),(197,77,16,21,15),(198,77,35,70,15),(199,77,46,30,0),(200,77,59,40,15),(201,77,63,80,15),(202,78,6,6,0),(203,78,13,12,0),(204,78,14,9,0),(205,78,31,4,0),(206,78,72,40,0),(207,79,4,24,0),(208,79,57,16,0),(209,79,75,50,0),(210,80,2,25,20),(211,80,11,50,20),(212,80,30,35,20),(213,80,58,30,20),(214,81,59,9,0),(215,81,65,40,0),(216,81,68,10,0),(217,82,19,10,5),(218,82,30,8,5),(219,82,38,20,5),(220,82,56,12,5),(221,83,26,50,15),(222,83,72,25,15),(223,84,54,15,0),(224,85,18,40,20),(225,85,42,10,20),(226,85,47,16,20),(227,86,14,10,0),(228,86,21,10,10),(229,86,71,40,10),(230,87,52,8,0),(231,87,68,10,0),(232,88,2,7,20),(233,88,31,25,20),(234,88,32,6,20),(235,88,51,48,20),(236,89,4,18,10),(237,90,23,40,0),(238,90,26,24,0),(239,90,36,20,0),(240,90,37,28,0),(241,90,72,25,0),(242,91,17,20,0),(243,91,30,15,0),(244,92,4,10,0),(245,92,17,70,5),(246,92,62,28,0),(247,93,18,20,5),(248,93,41,12,5),(249,93,43,40,5),(250,94,33,8,0),(251,94,59,9,15),(252,95,2,24,20),(253,95,31,56,20),(254,95,36,40,20),(255,95,55,40,20),(256,96,64,50,0),(257,96,68,4,5),(258,96,76,15,0),(259,97,4,35,0),(260,97,8,70,25),(261,98,8,70,0),(262,98,19,80,0),(263,98,42,9,0),(264,99,17,36,10),(265,99,56,20,0),(266,100,25,10,0),(267,100,39,50,15),(268,100,40,4,0),(269,100,75,6,15),(270,101,1,15,15),(271,101,23,25,0),(272,102,54,24,0),(273,103,50,15,10),(274,103,69,18,10),(275,104,38,20,5),(276,104,41,13,0),(277,104,44,77,5),(278,104,65,10,5),(279,105,24,10,0),(280,105,54,20,15),(281,106,11,12,20),(282,106,38,50,20),(283,107,1,12,0),(284,107,29,4,0),(285,108,24,25,0),(286,108,57,25,0),(287,109,31,30,0),(288,109,55,12,0),(289,109,69,20,0),(290,110,10,30,20),(291,110,26,16,0),(292,110,60,8,20),(293,111,24,10,5),(294,111,34,10,5),(295,111,36,20,5),(296,112,16,56,5),(297,112,31,70,5),(298,112,60,80,5),(299,113,28,30,0),(300,113,29,35,0),(301,113,38,10,0),(302,113,49,35,0),(303,113,54,28,0),(304,114,39,54,10),(305,114,60,55,10),(306,115,25,50,0),(307,115,51,20,0),(308,115,54,24,0),(309,116,31,20,0),(310,116,75,12,0),(311,116,76,12,0),(312,117,69,30,0),(313,117,71,5,0),(314,118,11,24,0),(315,119,65,5,0),(316,119,77,5,0),(317,120,34,36,0),(318,120,54,18,0),(319,120,65,15,0),(320,120,77,7,0),(321,121,21,5,10),(322,121,28,13,10),(323,121,57,25,0),(324,121,64,35,10),(325,122,29,20,0),(326,122,56,18,25),(327,123,1,15,15),(328,123,64,30,0),(329,123,74,20,15),(330,124,36,6,20),(331,125,20,12,25),(332,125,38,40,25),(333,125,60,70,25),(334,125,72,42,25),(335,126,58,80,20),(336,126,71,50,20),(337,127,31,30,0),(338,127,58,15,0),(339,128,14,15,0),(340,128,54,10,0),(341,129,31,42,5),(342,130,28,20,15),(343,130,39,20,15),(344,131,71,6,0),(345,132,41,8,10),(346,132,63,16,10),(347,132,65,20,10),(348,133,30,18,10),(349,133,53,20,10),(350,133,60,6,10),(351,133,70,30,0),(352,134,74,14,0),(353,135,5,32,0),(354,135,18,9,0),(355,135,29,14,0),(356,135,33,60,0),(357,135,74,50,0),(358,136,13,20,0),(359,136,50,15,0),(360,136,56,20,0),(361,137,20,28,0),(362,137,60,15,0),(363,138,7,10,20),(364,138,60,20,20),(365,138,68,8,20),(366,139,24,15,0),(367,139,34,10,0),(368,140,24,15,0),(369,140,28,6,0),(370,140,59,12,0),(371,140,71,15,0),(372,141,45,15,20),(373,141,52,20,20),(374,141,53,40,0),(375,142,10,16,0),(376,142,55,15,0),(377,142,62,20,0),(378,142,70,30,0),(379,143,31,60,10),(380,143,35,40,10),(381,143,46,45,0),(382,143,72,24,10),(383,144,13,18,0),(384,145,69,50,0),(385,146,2,25,25),(386,146,14,42,25),(387,146,25,7,25),(388,146,26,70,25),(389,146,31,32,0),(390,147,13,10,0),(391,147,62,10,0),(392,148,46,28,10),(393,148,53,70,10),(394,148,69,8,0),(395,149,23,40,0),(396,149,71,60,0),(397,149,72,21,0),(398,150,21,10,15),(399,150,51,18,15),(400,151,35,30,0),(401,151,55,120,10),(402,152,68,60,0),(403,152,71,30,0),(404,152,76,35,0),(405,152,77,14,0),(406,153,29,21,0),(407,153,35,35,0),(408,153,49,30,0),(409,154,30,18,0),(410,154,56,70,0),(411,154,65,20,0),(412,154,71,60,0),(413,155,23,60,0),(414,155,63,65,0),(415,156,16,21,15),(416,156,48,70,15),(417,157,26,30,5),(418,157,42,40,5),(419,157,49,30,5),(420,158,3,50,0),(421,159,1,10,0),(422,159,21,30,10),(423,159,28,42,10),(424,159,36,5,10),(425,159,40,2,10),(426,160,11,30,0),(427,160,69,15,0),(428,160,71,15,0),(429,161,37,10,0),(430,161,54,6,0),(431,161,62,35,0),(432,162,14,12,0),(433,162,21,12,0),(434,163,33,49,0),(435,163,59,16,0),(436,164,41,25,20),(437,164,44,40,20),(438,164,59,9,20),(439,165,14,20,10),(440,166,1,24,0),(441,166,62,40,0),(442,166,76,14,0),(443,167,19,18,5),(444,167,33,50,0),(445,168,17,2,0),(446,168,33,20,0),(447,169,19,20,0),(448,169,53,10,0),(449,169,57,20,0),(450,170,38,50,0),(451,170,46,2,25),(452,170,68,36,25),(453,170,77,35,0),(454,171,2,60,0),(455,171,47,55,0),(456,171,61,16,0),(457,171,74,15,0),(458,172,60,60,5),(459,172,69,20,5),(460,173,9,20,10),(461,173,13,2,10),(462,173,70,8,10),(463,173,73,20,10),(464,174,19,4,15),(465,174,26,30,0),(466,174,53,15,15),(467,174,77,10,15),(468,175,26,2,0),(469,176,31,14,0),(470,176,59,20,0),(471,177,35,60,20),(472,177,38,49,20),(473,177,68,30,20),(474,178,55,10,25),(475,178,76,20,25),(476,179,56,5,0),(477,179,64,7,0),(478,180,14,35,0),(479,181,46,20,0),(480,182,50,40,0),(481,182,63,35,25),(482,183,17,45,20),(483,183,21,50,0),(484,183,56,30,0),(485,183,59,70,20),(486,184,17,50,25),(487,184,40,50,25),(488,184,47,30,25),(489,185,26,10,0),(490,185,54,40,0),(491,186,56,28,0),(492,187,11,6,0),(493,187,76,18,15),(494,188,2,10,0),(495,188,22,12,0),(496,188,72,10,0),(497,189,46,5,0),(498,189,56,40,10),(499,189,64,30,10),(500,189,75,24,10),(501,190,53,15,0),(502,191,19,15,20),(503,191,34,20,20),(504,191,57,15,20),(505,192,12,15,0),(506,192,16,16,0),(507,192,64,6,0),(508,192,74,30,0),(509,193,2,45,15),(510,193,16,49,15),(511,193,29,24,15),(512,193,61,90,15),(513,194,27,50,0),(514,195,11,30,0),(515,195,54,80,0),(516,195,66,60,0),(517,196,11,6,20),(518,196,28,12,0),(519,197,17,10,0),(520,197,26,15,0),(521,197,35,8,0),(522,197,41,30,0),(523,198,39,6,0),(524,198,54,15,0),(525,199,19,12,10),(526,199,24,20,10),(527,199,31,3,10),(528,199,52,15,10),(529,200,19,40,0),(530,200,65,35,0),(531,200,71,2,0),(532,201,26,6,0),(533,201,40,20,0),(534,202,10,14,0),(535,202,52,20,0),(536,202,62,35,0),(537,203,10,20,20),(538,203,54,6,20),(539,204,55,120,10),(540,204,64,35,10),(541,204,65,28,10),(542,204,77,55,10),(543,205,28,15,0),(544,205,44,100,5),(545,206,48,15,10),(546,206,70,25,10),(547,207,16,20,20),(548,207,33,20,20),(549,207,46,10,20),(550,208,39,20,0),(551,208,53,50,0),(552,208,61,25,0),(553,208,71,30,0),(554,209,21,40,15),(555,209,49,21,15),(556,210,59,36,0),(557,211,26,30,0),(558,211,28,30,0),(559,211,43,20,0),(560,211,56,15,0),(561,211,71,50,0),(562,212,7,16,5),(563,212,46,20,5),(564,212,72,40,0),(565,213,68,21,25),(566,213,75,4,25),(567,214,21,40,25),(568,214,30,28,25),(569,214,55,60,25),(570,215,13,1,0),(571,215,23,21,0),(572,216,19,21,0),(573,216,42,50,0),(574,217,4,16,20),(575,217,43,3,0),(576,217,56,30,20),(577,217,60,20,0),(578,218,24,25,0),(579,218,29,18,10),(580,218,40,20,0),(581,218,45,30,10),(582,218,50,25,0),(583,219,11,10,0),(584,219,46,5,0),(585,220,24,28,0),(586,220,25,12,0),(587,221,30,8,0),(588,221,43,15,0),(589,222,2,40,15),(590,222,16,35,15),(591,222,44,2,15),(592,223,18,30,0),(593,223,23,15,0),(594,223,64,8,0),(595,224,7,30,0),(596,224,56,20,0),(597,225,24,80,5),(598,225,51,18,0),(599,226,33,12,0),(600,226,71,12,0),(601,227,14,12,0),(602,227,28,18,0),(603,227,40,21,0),(604,227,75,10,0),(605,228,31,35,15),(606,228,66,60,15),(607,228,76,42,15),(608,229,55,2,5),(609,229,70,12,0),(610,230,1,15,0),(611,230,21,21,25),(612,230,39,20,25),(613,231,10,20,5),(614,232,38,30,0),(615,232,53,28,0),(616,232,59,60,0),(617,232,64,30,0),(618,233,47,30,0),(619,233,59,12,0),(620,234,49,24,0),(621,234,60,40,0),(622,235,40,10,0),(623,236,34,35,5),(624,236,77,30,5),(625,237,21,14,0),(626,237,40,10,0),(627,237,51,3,0),(628,238,2,20,10),(629,238,3,20,10),(630,238,55,30,10),(631,238,70,60,10),(632,239,11,5,0),(633,239,51,25,0),(634,239,74,16,0),(635,240,19,5,0),(636,240,26,30,0),(637,240,54,24,25),(638,241,59,30,0),(639,241,73,20,20),(640,242,11,15,25),(641,242,16,18,0),(642,243,59,60,0),(643,243,68,30,0),(644,243,75,36,0),(645,244,44,15,15),(646,244,77,7,15),(647,245,25,60,5),(648,245,42,20,5),(649,246,65,15,10),(650,246,66,10,10),(651,246,69,10,10),(652,247,56,30,0),(653,248,23,10,0),(654,248,41,20,0),(655,248,77,5,0),(656,249,31,20,5),(657,250,56,14,0),(658,250,72,25,0),(659,250,77,25,0),(660,251,24,14,0),(661,251,40,5,0),(662,251,42,30,0),(663,252,28,20,0),(664,252,49,25,0),(665,253,15,12,5),(666,253,28,8,5),(667,254,54,20,0),(668,255,45,21,0),(669,255,53,6,0),(670,255,67,30,0),(671,256,14,70,0),(672,256,65,20,0),(673,257,2,12,0),(674,257,21,12,0),(675,257,53,10,0),(676,257,61,25,0),(677,258,62,3,0),(678,259,25,18,10),(679,259,70,14,10),(680,260,43,15,15),(681,260,48,15,15),(682,261,13,10,0),(683,261,39,10,0),(684,262,28,3,0),(685,263,29,36,0),(686,263,75,36,10),(687,264,4,50,15),(688,264,7,50,15),(689,264,8,10,15),(690,265,24,10,15),(691,265,46,9,15),(692,265,47,6,15),(693,265,60,12,15),(694,266,21,40,20),(695,266,32,50,20),(696,266,61,15,20),(697,267,20,39,0),(698,267,28,35,0),(699,267,56,70,0),(700,267,65,39,0),(701,267,75,50,0),(702,268,9,16,15),(703,268,16,50,0),(704,268,27,120,0),(705,268,33,16,15),(706,268,60,84,15),(707,269,18,25,10),(708,269,41,80,10),(709,269,42,20,0),(710,270,52,6,0),(711,270,59,4,0),(712,270,70,6,0),(713,271,24,5,0),(714,271,38,15,0),(715,271,44,9,0),(716,272,10,16,5),(717,272,56,40,0),(718,272,60,10,5),(719,273,24,8,0),(720,273,53,5,0),(721,274,35,3,0),(722,274,41,10,0),(723,274,68,6,0),(724,275,1,40,20),(725,275,8,24,0),(726,275,30,20,20),(727,275,40,25,20),(728,276,17,25,10),(729,276,20,15,10),(730,276,37,18,10),(731,276,41,6,10),(732,277,10,2,0),(733,277,30,10,0),(734,277,43,60,0),(735,277,54,15,0),(736,278,36,30,0),(737,278,40,15,10),(738,279,1,8,15),(739,279,13,10,0),(740,279,56,30,15),(741,280,4,50,10),(742,280,36,30,10),(743,281,11,3,0),(744,281,33,8,20),(745,281,72,9,0),(746,282,55,14,0),(747,282,68,20,0),(748,282,69,10,0),(749,283,17,40,0),(750,283,43,25,0),(751,283,61,20,0),(752,283,76,50,0),(753,284,59,2,0),(754,285,30,15,0),(755,285,66,24,0),(756,286,4,50,5),(757,286,72,24,0),(758,286,73,24,5),(759,287,30,10,0),(760,287,40,10,20),(761,287,54,10,20),(762,288,11,50,10),(763,288,40,10,10),(764,288,57,5,10),(765,288,59,15,10),(766,289,12,15,25),(767,289,31,20,0),(768,289,33,30,0),(769,289,60,35,25),(770,290,31,30,0),(771,290,51,6,0),(772,290,58,20,0),(773,290,72,21,0),(774,290,73,9,0),(775,291,70,7,0),(776,291,72,1,0),(777,292,13,8,0),(778,292,21,15,0),(779,292,33,15,0),(780,292,49,6,0),(781,293,3,60,0),(782,293,26,40,0),(783,293,38,30,0),(784,293,68,35,0),(785,294,24,35,10),(786,294,38,4,10),(787,294,65,36,10),(788,294,71,9,10),(789,295,11,15,5),(790,295,54,24,5),(791,296,12,30,15),(792,296,23,70,15),(793,297,28,7,0),(794,297,67,7,0),(795,298,11,10,0),(796,299,7,10,0),(797,299,35,30,0),(798,299,62,40,0),(799,300,32,24,15),(800,300,36,60,0),(801,301,34,10,25),(802,301,41,14,0),(803,302,31,55,15),(804,302,45,100,15),(805,302,51,48,15),(806,303,17,8,10),(807,303,19,10,0),(808,303,21,6,10),(809,303,61,10,10),(810,304,16,40,15),(811,304,35,20,15),(812,304,44,40,0),(813,305,69,18,0),(814,305,75,30,0),(815,306,11,15,0),(816,306,16,14,0),(817,306,22,24,0),(818,306,31,30,0),(819,306,35,6,0),(820,307,16,30,5),(821,307,23,20,5),(822,307,62,20,5),(823,307,77,10,5),(824,308,14,30,20),(825,308,19,35,20),(826,308,24,18,20),(827,308,51,20,20),(828,308,56,40,20),(829,309,72,24,0),(830,310,64,30,0),(831,310,75,20,0),(832,311,47,25,0),(833,311,51,20,0),(834,311,52,30,0),(835,311,53,18,0),(836,311,73,3,0),(837,312,41,12,5),(838,312,55,18,5),(839,313,30,20,0),(840,313,62,15,25),(841,314,44,10,0),(842,314,51,50,0),(843,315,33,20,10),(844,315,62,10,10),(845,316,36,25,0),(846,316,52,70,0),(847,317,17,16,5),(848,317,31,6,5),(849,317,55,25,5),(850,318,24,25,10),(851,318,64,18,10),(852,319,11,35,15),(853,319,18,18,15),(854,319,76,10,0),(855,320,31,60,20),(856,320,51,3,0),(857,320,59,40,20),(858,321,10,5,0),(859,322,31,35,20),(860,322,76,30,0),(861,323,11,15,5),(862,323,56,60,5),(863,324,14,11,15),(864,324,42,28,15),(865,325,16,12,10),(866,325,32,10,10),(867,325,40,50,0),(868,325,75,15,10),(869,326,17,18,0),(870,326,34,40,0),(871,326,53,25,0),(872,327,33,14,0),(873,327,40,2,0),(874,327,62,10,0),(875,327,64,6,0),(876,328,59,12,0),(877,328,63,6,0),(878,328,72,30,0),(879,328,76,10,0),(880,329,1,10,0),(881,329,31,20,0),(882,329,44,21,0),(883,330,39,10,0),(884,330,75,20,0),(885,330,77,18,0),(886,331,35,20,0),(887,331,57,6,0),(888,332,15,10,0),(889,332,75,21,0),(890,333,14,15,5),(891,333,41,9,5),(892,333,65,30,5),(893,334,75,50,20),(894,335,57,4,0),(895,335,76,14,0),(896,336,29,10,0),(897,336,60,24,15),(898,336,69,10,15),(899,337,31,50,5),(900,338,47,15,0),(901,339,52,4,15),(902,340,26,6,0),(903,340,35,20,0),(904,340,77,20,0),(905,341,18,40,20),(906,341,42,100,20),(907,342,35,4,0),(908,343,1,20,0),(909,343,77,60,5),(910,344,3,14,0),(911,344,7,10,0),(912,344,54,50,0),(913,345,15,25,5),(914,345,26,5,5),(915,346,20,21,20),(916,346,69,20,20),(917,346,76,4,20),(918,347,52,24,0),(919,347,58,30,0),(920,348,35,30,25),(921,348,61,120,25),(922,348,69,65,25),(923,349,56,5,20),(924,349,63,24,20),(925,349,75,30,20),(926,350,24,35,20),(927,350,57,20,0),(928,350,65,12,20),(929,351,27,50,0),(930,351,71,9,0),(931,352,62,10,0),(932,353,54,4,0),(933,353,73,30,0),(934,354,13,60,0),(935,354,59,35,0),(936,355,77,5,25),(937,356,22,48,0),(938,356,49,25,5),(939,357,48,6,10),(940,357,76,10,10),(941,358,16,30,5),(942,358,59,20,5),(943,358,60,70,5),(944,358,71,15,5),(945,359,4,20,20),(946,359,55,20,20),(947,359,62,10,20),(948,360,7,45,0),(949,360,17,100,0),(950,360,33,14,0),(951,360,40,42,0),(952,360,72,12,0),(953,361,56,28,0),(954,362,1,3,0),(955,362,10,10,0),(956,362,21,6,0),(957,363,36,21,25),(958,364,1,6,0),(959,364,2,10,0),(960,364,60,15,0),(961,365,10,70,0),(962,365,36,55,0),(963,365,49,18,0),(964,365,60,40,0),(965,365,76,80,0),(966,366,13,8,10),(967,366,75,40,0),(968,367,11,14,0),(969,367,21,8,0),(970,367,39,5,0),(971,368,55,5,0),(972,369,38,15,5),(973,369,56,14,0),(974,369,70,15,5),(975,369,71,15,5),(976,370,59,30,15),(977,371,6,70,0),(978,371,56,20,0),(979,371,68,15,0),(980,372,21,42,0),(981,372,22,40,0),(982,373,24,5,0),(983,373,52,5,0),(984,374,19,5,0),(985,374,23,10,0),(986,374,70,20,0),(987,374,71,15,0),(988,375,2,20,0),(989,375,68,18,20),(990,376,14,21,0),(991,376,19,15,10),(992,376,21,25,10),(993,376,24,3,0),(994,376,35,30,10),(995,377,28,10,0),(996,377,29,6,0),(997,377,44,10,0),(998,378,14,3,0),(999,378,42,5,0),(1000,378,60,10,0),(1001,379,53,12,0),(1002,379,60,20,0),(1003,379,71,20,0),(1004,380,62,15,0),(1005,380,73,35,15),(1006,381,1,25,0),(1007,382,29,20,0),(1008,382,64,9,0),(1009,383,55,12,5),(1010,383,76,35,0),(1011,384,75,8,10),(1012,385,2,30,5),(1013,385,33,20,5),(1014,386,12,36,15),(1015,386,13,13,15),(1016,386,26,35,15),(1017,386,62,80,15),(1018,387,7,35,0),(1019,387,18,50,0),(1020,387,51,15,0),(1021,387,75,2,0),(1022,388,4,10,10),(1023,388,5,15,10),(1024,388,22,40,0),(1025,389,4,25,0),(1026,389,58,6,0),(1027,390,11,10,0),(1028,390,50,25,5),(1029,390,56,60,5),(1030,391,45,20,0),(1031,391,65,21,0),(1032,391,72,60,0),(1033,392,18,8,0),(1034,393,69,20,25),(1035,393,70,15,25),(1036,394,2,50,0),(1037,394,40,60,0),(1038,395,21,30,20),(1039,395,61,20,20),(1040,396,28,15,25),(1041,396,39,21,25),(1042,396,46,2,25),(1043,397,18,4,10),(1044,397,43,20,0),(1045,397,46,21,10),(1046,398,18,20,0),(1047,398,36,15,0),(1048,399,1,15,25),(1049,399,10,18,25),(1050,399,71,30,25),(1051,399,77,35,25),(1052,400,19,30,0),(1053,400,39,20,0),(1054,401,22,15,0),(1055,401,24,15,15),(1056,402,28,20,0),(1057,402,72,15,0),(1058,403,30,30,0),(1059,403,53,25,5),(1060,403,54,30,0),(1061,404,19,12,25),(1062,404,22,20,25),(1063,405,30,2,25),(1064,405,42,20,0),(1065,406,16,30,10),(1066,406,60,20,10),(1067,407,4,12,10),(1068,407,39,20,10),(1069,407,54,6,10),(1070,408,41,20,20),(1071,409,14,3,10),(1072,409,44,28,10),(1073,409,47,6,10),(1074,410,15,50,0),(1075,410,41,24,0),(1076,410,46,45,0),(1077,410,47,10,0),(1078,410,56,45,0),(1079,410,60,30,0),(1080,411,21,60,0),(1081,411,40,70,5),(1082,411,60,55,5),(1083,411,77,70,5),(1084,412,31,20,5),(1085,412,40,24,5),(1086,412,70,40,5),(1087,413,20,21,0),(1088,414,39,3,20),(1089,414,58,49,20),(1090,415,68,10,0),(1091,416,40,30,5),(1092,416,42,30,5),(1093,416,51,20,5),(1094,417,10,24,15),(1095,417,56,12,15),(1096,417,65,15,15),(1097,418,51,20,0),(1098,418,59,1,0),(1099,418,76,10,0),(1100,419,29,36,0),(1101,419,65,10,0),(1102,420,69,45,20),(1103,420,71,14,20),(1104,421,31,8,10),(1105,421,55,4,10),(1106,421,64,15,10),(1107,422,36,30,0),(1108,423,23,32,0),(1109,423,46,60,0),(1110,423,67,25,0),(1111,423,73,50,0),(1112,423,75,25,0),(1113,424,16,10,0),(1114,424,62,10,0),(1115,424,65,12,0),(1116,425,38,15,10),(1117,425,71,12,0),(1118,426,16,3,0),(1119,426,42,6,0),(1120,426,43,6,0),(1121,427,23,5,0),(1122,428,14,30,0),(1123,428,53,10,0),(1124,428,58,30,0),(1125,429,10,2,0),(1126,429,19,7,0),(1127,429,44,21,0),(1128,430,26,30,15),(1129,430,33,8,15),(1130,431,12,100,0),(1131,431,33,30,0),(1132,431,41,120,0),(1133,431,54,30,0),(1134,432,59,12,0),(1135,433,16,50,25),(1136,433,31,20,25),(1137,433,42,40,25),(1138,434,19,30,10),(1139,434,21,12,10),(1140,434,64,28,0),(1141,435,33,30,0),(1142,435,66,4,0),(1143,435,75,30,0),(1144,436,52,9,0),(1145,437,40,20,0),(1146,437,47,40,0),(1147,437,60,30,0),(1148,438,10,20,0),(1149,438,41,4,0),(1150,438,47,15,0),(1151,439,17,30,20),(1152,439,26,15,0),(1153,440,9,50,25),(1154,440,29,10,0),(1155,440,36,6,25),(1156,441,10,18,10),(1157,441,28,60,10),(1158,441,34,14,0),(1159,442,1,35,25),(1160,443,56,20,25),(1161,443,77,30,25),(1162,444,1,30,0),(1163,444,29,40,0),(1164,444,43,40,0),(1165,444,44,24,0),(1166,444,62,48,0),(1167,445,63,20,0),(1168,446,9,6,0),(1169,446,54,60,15),(1170,446,69,30,15),(1171,446,73,15,15),(1172,447,7,90,0),(1173,447,59,25,0),(1174,447,70,50,0),(1175,448,8,10,0),(1176,448,12,4,0),(1177,448,24,20,0),(1178,449,17,20,0),(1179,449,46,18,0),(1180,450,19,7,25),(1181,450,35,9,25),(1182,450,58,30,25),(1183,450,70,30,25),(1184,451,11,15,0),(1185,451,17,8,5),(1186,451,29,12,5),(1187,451,65,65,5),(1188,451,70,8,5),(1189,452,47,12,0),(1190,453,1,5,20),(1191,453,34,12,20),(1192,453,68,40,20),(1193,453,71,60,20),(1194,454,59,42,15),(1195,454,71,20,15),(1196,454,76,35,15),(1197,455,3,6,0),(1198,455,76,15,0),(1199,456,2,5,0),(1200,456,59,35,0),(1201,456,73,35,0),(1202,457,4,6,0),(1203,457,24,35,0),(1204,457,48,24,0),(1205,458,31,20,0),(1206,458,32,4,0),(1207,459,16,20,0),(1208,459,43,24,0),(1209,459,59,8,0),(1210,460,55,21,0),(1211,460,57,40,0),(1212,460,70,28,15),(1213,461,5,4,0),(1214,461,36,5,0),(1215,462,8,40,0),(1216,462,51,28,0),(1217,462,60,10,0),(1218,463,19,5,0),(1219,463,47,5,0),(1220,464,19,12,0),(1221,464,41,42,0),(1222,464,53,120,0),(1223,465,53,3,5),(1224,465,56,30,0),(1225,466,10,18,0),(1226,466,26,30,0),(1227,466,45,110,0),(1228,466,46,24,0),(1229,467,2,30,25),(1230,467,17,27,25),(1231,467,47,50,25),(1232,467,56,18,25),(1233,467,58,12,25),(1234,468,10,21,0),(1235,468,71,30,0),(1236,469,21,5,0),(1237,469,51,7,0),(1238,469,61,10,0),(1239,470,21,32,5),(1240,470,54,15,0),(1241,470,69,25,5),(1242,471,12,36,0),(1243,471,16,20,0),(1244,471,36,40,0),(1245,471,62,20,0),(1246,472,18,12,25),(1247,472,30,3,25),(1248,472,54,40,25),(1249,473,35,21,0),(1250,473,71,8,0),(1251,474,44,50,5),(1252,475,2,3,0),(1253,475,31,50,0),(1254,475,68,45,0),(1255,475,75,42,0),(1256,476,26,15,0),(1257,477,10,16,0),(1258,477,61,5,0),(1259,478,41,12,0),(1260,478,52,4,0),(1261,478,55,6,0),(1262,479,4,25,0),(1263,479,11,5,0),(1264,480,17,20,5),(1265,480,56,10,5),(1266,480,59,10,5),(1267,481,30,15,0),(1268,481,40,6,0),(1269,481,55,12,0),(1270,481,60,15,0),(1271,482,1,50,0),(1272,482,21,30,0),(1273,482,50,40,0),(1274,483,16,15,5),(1275,483,31,3,5),(1276,483,65,10,5),(1277,484,21,40,5),(1278,484,51,30,5),(1279,485,76,20,0),(1280,486,14,16,0),(1281,486,28,20,0),(1282,486,52,25,0),(1283,487,6,30,0),(1284,487,30,15,0),(1285,487,76,20,0),(1286,488,61,20,10),(1287,488,77,2,10),(1288,489,65,40,0),(1289,489,75,20,0),(1290,490,13,4,0),(1291,490,41,12,0),(1292,491,16,3,0),(1293,492,36,6,0),(1294,492,52,18,0),(1295,493,28,5,20),(1296,493,35,35,20),(1297,493,45,40,20),(1298,493,56,14,20),(1299,494,2,15,20),(1300,495,3,20,0),(1301,495,60,50,0),(1302,495,72,35,0),(1303,496,46,28,5),(1304,497,40,50,20),(1305,498,18,24,0),(1306,498,44,16,0),(1307,498,59,45,0),(1308,498,72,7,0),(1309,499,13,6,0),(1310,499,42,28,0),(1311,499,62,9,0),(1312,499,69,40,0),(1313,500,31,8,0),(1314,500,41,35,0),(1315,500,63,9,0),(1316,500,69,30,0),(1317,501,23,44,0),(1318,501,40,40,0),(1319,501,56,28,0),(1320,502,56,15,0),(1321,502,59,6,0),(1322,502,76,10,0),(1323,503,14,5,15),(1324,503,45,40,15),(1325,503,59,25,15),(1326,504,26,12,10),(1327,504,30,30,0),(1328,504,50,20,10),(1329,504,73,15,0),(1330,505,1,8,0),(1331,505,69,3,0),(1332,506,45,4,0),(1333,506,74,5,0),(1334,507,40,3,0),(1335,508,47,30,25),(1336,508,56,30,25),(1337,508,57,14,25),(1338,508,69,25,25),(1339,509,18,21,20),(1340,509,36,20,20),(1341,509,68,6,20),(1342,509,69,20,20),(1343,510,34,30,0),(1344,510,59,7,0),(1345,510,62,30,0),(1346,510,64,24,0),(1347,511,26,20,0),(1348,511,52,60,0),(1349,511,70,40,0),(1350,512,32,10,0),(1351,513,25,12,25),(1352,513,27,40,0),(1353,513,43,30,25),(1354,514,25,35,25),(1355,514,75,18,0),(1356,515,39,16,0),(1357,515,47,30,0),(1358,515,51,28,0),(1359,515,56,60,0),(1360,516,21,40,0),(1361,516,22,6,0),(1362,516,24,20,0),(1363,517,3,20,10),(1364,517,39,130,10),(1365,518,65,80,10),(1366,519,2,40,0),(1367,519,7,35,0),(1368,519,68,40,0),(1369,520,42,2,0),(1370,521,22,4,0),(1371,521,31,50,0),(1372,521,60,15,0),(1373,521,71,12,0),(1374,522,41,30,5),(1375,522,52,15,5),(1376,522,61,20,0),(1377,522,62,15,0),(1378,523,11,15,25),(1379,524,71,16,0),(1380,525,29,18,0),(1381,525,59,25,0),(1382,526,17,33,0),(1383,526,31,70,20),(1384,526,75,7,20),(1385,527,31,2,25),(1386,527,66,50,0),(1387,528,10,6,0),(1388,528,67,3,0),(1389,529,31,16,5),(1390,529,42,12,5),(1391,529,45,27,5),(1392,529,51,120,5),(1393,530,42,20,20),(1394,531,41,10,0),(1395,532,16,20,0),(1396,532,62,20,0),(1397,533,70,35,0),(1398,533,77,15,0),(1399,534,54,3,20),(1400,534,56,20,20),(1401,534,74,35,0),(1402,535,31,1,0),(1403,536,31,10,0),(1404,536,38,5,0),(1405,537,36,30,0),(1406,537,39,2,15),(1407,537,72,30,15),(1408,538,10,10,0),(1409,538,75,10,0),(1410,539,8,30,20),(1411,539,30,15,20),(1412,539,75,42,20),(1413,540,2,15,5),(1414,540,29,20,5),(1415,541,19,50,5),(1416,541,75,40,5),(1417,542,18,30,0),(1418,542,35,15,0),(1419,542,63,30,0),(1420,542,68,18,0),(1421,543,7,3,15),(1422,543,56,20,15),(1423,544,29,14,5),(1424,544,41,20,5),(1425,545,2,10,0),(1426,545,54,3,0),(1427,545,68,15,0),(1428,546,41,14,0),(1429,546,52,8,0),(1430,547,14,15,20),(1431,547,54,6,20),(1432,548,16,65,0),(1433,548,17,35,25),(1434,549,26,21,20),(1435,549,44,10,0),(1436,549,64,35,20),(1437,549,69,24,20),(1438,550,11,20,0),(1439,551,62,2,0),(1440,551,72,10,0),(1441,552,13,20,15),(1442,552,24,20,15),(1443,552,59,25,0),(1444,553,11,50,10),(1445,553,51,10,10),(1446,553,54,7,10),(1447,554,17,40,25),(1448,554,29,20,25),(1449,555,30,25,25),(1450,555,51,30,25),(1451,555,55,60,25),(1452,555,62,5,25),(1453,556,19,24,5),(1454,556,25,15,5),(1455,556,59,15,5),(1456,557,10,36,0),(1457,557,28,24,0),(1458,557,49,4,15),(1459,558,34,10,0),(1460,558,38,10,0),(1461,559,2,20,25),(1462,559,65,2,0),(1463,559,74,15,25),(1464,560,40,1,0),(1465,561,56,20,15),(1466,561,76,50,15),(1467,562,52,20,0),(1468,563,13,7,0),(1469,563,25,5,0),(1470,563,70,5,0),(1471,564,19,15,0),(1472,564,23,18,0),(1473,564,40,30,0),(1474,565,31,16,10),(1475,565,72,40,10),(1476,565,77,20,0),(1477,566,2,12,20),(1478,566,46,35,0),(1479,567,41,20,0),(1480,567,43,20,15),(1481,567,48,8,15),(1482,567,61,30,15),(1483,568,33,16,0),(1484,569,38,30,5),(1485,569,62,20,5),(1486,570,26,40,15),(1487,570,38,30,0),(1488,570,40,60,15),(1489,570,62,25,15),(1490,571,32,20,0),(1491,571,41,20,0),(1492,572,43,7,0),(1493,572,75,20,0),(1494,573,56,30,0),(1495,574,35,20,0),(1496,574,51,6,0),(1497,575,62,3,0),(1498,575,70,6,0),(1499,576,11,20,10),(1500,576,57,15,0),(1501,576,59,40,10),(1502,576,77,15,10),(1503,577,41,12,0),(1504,577,70,9,0),(1505,578,26,12,0),(1506,578,53,20,0),(1507,579,31,35,0),(1508,579,57,15,0),(1509,580,10,15,0),(1510,580,39,21,0),(1511,581,20,5,0),(1512,581,38,2,0),(1513,582,2,10,0),(1514,582,8,20,0),(1515,582,13,10,0),(1516,582,60,21,0),(1517,583,6,6,0),(1518,583,39,28,0),(1519,583,60,30,0),(1520,583,68,24,0),(1521,584,19,2,0),(1522,584,35,8,0),(1523,584,38,8,0),(1524,584,43,9,0),(1525,585,13,3,20),(1526,585,25,10,20),(1527,585,44,16,20),(1528,585,64,3,0),(1529,586,7,20,10),(1530,586,31,9,10),(1531,586,53,9,10),(1532,587,29,8,5),(1533,587,30,20,5),(1534,588,59,15,0),(1535,588,77,2,20),(1536,589,22,52,0),(1537,589,35,6,0),(1538,589,57,24,0),(1539,589,60,60,0),(1540,589,64,30,0),(1541,590,13,6,0),(1542,590,40,25,0),(1543,590,47,40,25),(1544,590,76,21,25),(1545,591,1,4,25),(1546,591,18,25,25),(1547,591,36,50,25),(1548,592,58,30,10),(1549,592,72,15,10),(1550,593,25,6,20),(1551,593,39,10,20),(1552,594,10,16,0),(1553,594,56,30,0),(1554,594,59,50,0),(1555,594,77,15,0),(1556,595,11,15,0),(1557,595,43,5,0),(1558,595,68,20,0),(1559,595,70,12,0),(1560,596,51,4,25),(1561,597,22,35,0),(1562,598,23,70,10),(1563,598,35,25,10),(1564,598,42,42,10),(1565,598,58,60,10),(1566,598,64,48,0),(1567,599,4,21,0),(1568,599,70,30,0),(1569,599,74,20,0),(1570,600,1,80,20),(1571,600,19,12,20),(1572,600,37,60,20),(1573,600,45,36,20),(1574,600,60,45,20),(1575,600,71,55,20),(1576,601,5,30,0),(1577,601,9,3,0),(1578,602,3,49,0),(1579,602,26,18,15),(1580,603,25,20,15),(1581,603,33,4,15),(1582,603,70,30,15),(1583,604,2,5,5),(1584,604,25,10,5),(1585,604,57,10,5),(1586,604,59,42,5),(1587,605,2,15,0),(1588,605,17,6,0),(1589,605,62,50,0),(1590,606,18,10,0),(1591,607,10,100,15),(1592,607,13,65,15),(1593,608,16,50,0),(1594,608,31,14,0),(1595,608,56,24,0),(1596,608,65,15,15),(1597,609,2,20,0),(1598,609,42,20,0),(1599,610,3,30,0),(1600,610,26,35,25),(1601,610,29,10,25),(1602,611,7,5,0),(1603,611,27,10,0),(1604,611,70,4,0),(1605,612,24,40,25),(1606,612,54,35,25),(1607,612,64,30,25),(1608,613,51,3,0),(1609,613,76,20,0),(1610,614,17,42,0),(1611,614,18,20,0),(1612,614,21,40,0),(1613,614,33,35,0),(1614,614,62,3,0),(1615,615,11,25,0),(1616,615,52,8,0),(1617,616,1,20,15),(1618,616,58,12,15),(1619,617,35,4,0),(1620,617,67,15,0),(1621,618,38,60,5),(1622,618,39,80,5),(1623,619,2,21,25),(1624,619,24,6,25),(1625,619,30,40,25),(1626,620,53,3,0),(1627,621,26,20,0),(1628,621,35,30,0),(1629,621,49,42,10),(1630,622,1,40,0),(1631,622,11,10,0),(1632,622,23,50,0),(1633,622,68,20,0),(1634,623,35,3,0),(1635,623,51,2,0),(1636,624,6,50,5),(1637,624,16,12,5),(1638,624,17,16,5),(1639,625,55,10,5),(1640,625,62,20,5),(1641,625,64,15,5),(1642,625,65,21,5),(1643,626,21,20,0),(1644,626,28,3,0),(1645,627,10,10,0),(1646,628,19,25,0),(1647,628,47,21,10),(1648,628,49,15,0),(1649,629,46,21,0),(1650,629,64,20,0),(1651,630,16,30,25),(1652,630,18,25,0),(1653,631,20,20,5),(1654,632,40,12,0),(1655,632,65,10,0),(1656,632,76,10,0),(1657,633,23,30,20),(1658,633,61,30,20),(1659,633,70,50,20),(1660,634,73,10,0),(1661,635,42,25,0),(1662,635,49,20,15),(1663,635,54,32,15),(1664,636,24,8,0),(1665,637,21,40,5),(1666,637,56,21,5),(1667,637,65,12,5),(1668,638,2,20,0),(1669,638,24,12,0),(1670,638,70,30,0),(1671,638,77,25,0),(1672,639,10,70,0),(1673,639,31,35,0),(1674,639,77,40,0),(1675,640,25,5,0),(1676,641,2,20,0),(1677,641,68,18,0),(1678,642,11,40,0),(1679,642,38,40,0),(1680,643,17,15,0),(1681,643,34,10,0),(1682,643,41,14,0),(1683,644,30,15,5),(1684,645,59,40,5),(1685,646,8,30,0),(1686,646,24,10,0),(1687,646,29,24,0),(1688,646,30,35,0),(1689,646,36,20,0),(1690,647,13,28,5),(1691,647,69,50,5),(1692,647,75,120,5),(1693,648,24,110,0),(1694,648,39,45,0),(1695,648,40,91,0),(1696,648,60,100,0),(1697,649,45,15,0),(1698,649,56,16,0),(1699,650,29,80,0),(1700,650,30,36,0),(1701,651,13,5,0),(1702,652,39,8,15),(1703,653,70,3,25),(1704,654,41,30,0),(1705,654,71,30,0),(1706,655,55,30,15),(1707,655,62,6,15),(1708,656,13,40,0),(1709,656,65,21,0),(1710,656,68,20,0),(1711,657,58,15,0),(1712,657,62,35,0),(1713,658,1,20,5),(1714,659,61,15,0),(1715,660,75,14,0),(1716,661,7,20,5),(1717,661,52,14,5),(1718,662,7,12,0),(1719,662,16,15,0),(1720,662,41,5,0),(1721,663,19,12,0),(1722,663,49,10,0),(1723,663,61,5,0),(1724,664,1,10,0),(1725,664,17,12,0),(1726,664,67,15,0),(1727,665,11,40,25),(1728,665,29,60,25),(1729,666,4,30,25),(1730,666,33,40,25),(1731,666,58,15,0),(1732,667,71,25,0),(1733,668,17,10,0),(1734,668,33,30,0),(1735,668,54,10,0),(1736,669,16,6,0),(1737,669,32,6,0),(1738,669,57,20,0),(1739,670,30,1,0),(1740,670,60,10,0),(1741,671,1,60,25),(1742,671,60,25,25),(1743,672,16,24,0),(1744,672,25,24,0),(1745,672,40,20,0),(1746,673,50,24,0),(1747,674,35,10,0),(1748,674,63,40,0),(1749,675,17,15,0),(1750,675,24,35,0),(1751,676,42,10,20),(1752,676,43,10,20),(1753,676,67,24,20),(1754,677,10,20,10),(1755,677,28,30,10),(1756,677,75,6,0),(1757,678,36,25,15),(1758,678,52,12,15),(1759,679,11,2,0),(1760,679,13,10,0),(1761,679,19,7,0),(1762,679,72,10,0),(1763,680,20,5,0),(1764,680,52,5,0),(1765,680,76,20,0),(1766,681,47,5,0),(1767,681,76,5,0),(1768,682,21,60,0),(1769,682,75,49,0),(1770,682,77,15,0),(1771,683,21,36,0),(1772,683,27,25,0),(1773,683,55,25,20),(1774,683,58,30,20),(1775,684,13,42,15),(1776,684,57,30,0),(1777,685,16,30,10),(1778,685,62,14,10),(1779,685,72,16,0),(1780,685,75,20,10),(1781,686,53,2,0),(1782,686,61,30,0),(1783,687,6,20,0),(1784,688,1,21,0),(1785,688,18,4,25),(1786,688,23,8,25),(1787,689,36,30,20),(1788,690,28,8,0),(1789,690,34,20,0),(1790,691,13,20,25),(1791,691,43,24,25),(1792,691,60,49,25),(1793,691,71,35,25),(1794,692,2,10,15),(1795,692,67,40,15),(1796,693,7,8,0),(1797,693,13,20,0),(1798,694,31,44,25),(1799,694,62,30,25),(1800,694,68,80,25),(1801,694,72,50,0),(1802,695,49,28,0),(1803,696,13,15,0),(1804,696,22,21,0),(1805,696,46,15,0),(1806,697,11,5,25),(1807,697,44,18,25),(1808,697,56,18,0),(1809,698,13,20,0),(1810,698,31,10,0),(1811,699,10,25,0),(1812,699,24,25,0),(1813,699,77,40,0),(1814,700,59,4,0),(1815,701,50,9,0),(1816,701,51,40,0),(1817,701,55,4,0),(1818,702,6,12,0),(1819,702,10,30,0),(1820,702,17,6,0),(1821,702,62,60,0),(1822,703,4,5,0),(1823,704,33,15,5),(1824,704,41,6,5),(1825,704,75,50,5),(1826,705,6,16,5),(1827,705,28,2,0),(1828,706,20,50,5),(1829,706,31,50,5),(1830,707,16,28,15),(1831,707,31,25,15),(1832,707,45,30,0),(1833,707,60,24,15),(1834,708,75,12,20),(1835,709,21,12,0),(1836,709,47,14,0),(1837,709,51,8,0),(1838,710,30,30,0),(1839,710,35,40,0),(1840,710,64,8,0),(1841,711,5,20,0),(1842,711,7,6,0),(1843,711,72,5,0),(1844,712,75,20,15),(1845,713,24,10,25),(1846,713,41,24,0),(1847,714,52,6,5),(1848,714,76,60,0),(1849,715,7,45,0),(1850,715,13,77,0),(1851,715,53,20,0),(1852,715,69,9,0),(1853,715,76,44,0),(1854,716,60,2,15),(1855,717,18,6,0),(1856,717,38,5,0),(1857,717,69,10,0),(1858,718,51,16,0),(1859,719,37,8,0),(1860,719,56,12,15),(1861,719,62,12,15),(1862,720,19,12,0),(1863,720,49,40,0),(1864,721,12,30,0),(1865,721,24,30,0),(1866,721,64,4,0),(1867,722,46,9,0),(1868,723,52,40,20),(1869,724,29,14,0),(1870,725,17,6,0),(1871,725,33,7,0),(1872,726,26,5,0),(1873,726,41,6,0),(1874,726,75,10,0),(1875,727,63,10,0),(1876,728,8,16,0),(1877,728,75,10,0),(1878,729,28,20,0),(1879,730,39,30,0),(1880,730,47,30,0),(1881,730,51,10,0),(1882,730,63,20,0),(1883,731,8,20,15),(1884,731,21,40,15),(1885,731,40,10,0),(1886,731,44,6,15),(1887,732,7,18,0),(1888,732,12,20,0),(1889,732,24,80,0),(1890,732,27,30,0),(1891,732,31,24,0),(1892,732,63,35,0),(1893,733,75,40,20),(1894,734,38,60,0),(1895,735,7,20,0),(1896,735,43,9,0),(1897,736,13,84,15),(1898,736,57,15,0),(1899,737,16,55,0),(1900,737,24,20,0),(1901,737,36,40,0),(1902,738,16,36,10),(1903,738,18,8,10),(1904,738,32,35,10),(1905,739,11,30,0),(1906,739,20,15,0),(1907,739,76,10,0),(1908,739,77,15,0),(1909,740,7,60,0),(1910,740,43,6,0),(1911,740,72,20,0),(1912,741,7,60,0),(1913,741,62,40,10),(1914,742,6,40,0),(1915,742,11,15,0),(1916,742,41,4,0),(1917,743,21,65,0),(1918,743,34,60,15),(1919,743,55,65,15),(1920,743,61,66,15),(1921,744,2,50,20),(1922,744,70,20,20),(1923,744,76,90,20),(1924,745,72,2,0),(1925,746,29,50,25),(1926,746,41,35,25),(1927,747,59,18,5),(1928,748,51,20,0),(1929,748,60,4,0),(1930,749,42,40,0),(1931,750,32,50,0),(1932,750,46,20,25),(1933,750,52,20,25),(1934,751,24,12,0),(1935,751,61,7,0),(1936,751,74,20,0),(1937,751,75,30,0),(1938,752,41,20,5),(1939,752,51,15,5),(1940,752,77,21,5),(1941,753,4,25,25),(1942,753,24,30,25),(1943,753,77,30,0),(1944,754,7,60,0),(1945,754,22,25,0),(1946,754,46,25,0),(1947,754,55,6,0),(1948,755,13,56,0),(1949,755,35,15,15),(1950,755,42,24,15),(1951,755,55,40,0),(1952,756,1,4,0),(1953,756,40,10,0),(1954,756,52,10,0),(1955,757,26,6,0),(1956,757,76,6,0),(1957,758,1,2,0),(1958,758,59,10,0),(1959,759,1,8,0),(1960,759,29,2,25),(1961,760,8,30,0),(1962,760,29,10,0),(1963,760,42,14,0),(1964,761,28,70,5),(1965,761,34,90,5),(1966,761,71,21,0),(1967,762,24,12,0),(1968,762,36,18,25),(1969,762,60,9,0),(1970,763,7,20,0),(1971,763,24,10,0),(1972,764,58,40,5),(1973,764,71,20,0),(1974,765,19,50,5),(1975,765,60,36,5),(1976,765,71,60,5),(1977,766,23,10,0),(1978,766,42,4,0),(1979,766,45,20,0),(1980,766,68,2,0),(1981,767,41,28,10),(1982,768,30,15,0),(1983,768,77,18,0),(1984,769,31,15,0),(1985,769,36,16,0),(1986,770,3,25,0),(1987,770,59,110,0),(1988,770,70,30,0),(1989,771,12,20,0),(1990,771,18,10,0),(1991,771,56,5,0),(1992,772,46,3,0),(1993,772,49,2,0),(1994,773,10,24,15),(1995,774,2,11,25),(1996,774,20,15,0),(1997,774,26,63,0),(1998,774,51,44,25),(1999,774,72,35,0),(2000,775,19,35,0),(2001,775,69,30,0),(2002,776,7,4,0),(2003,776,43,30,0),(2004,777,26,12,0),(2005,777,33,30,0),(2006,777,65,21,0),(2007,777,71,50,0),(2008,778,1,10,10),(2009,778,13,20,10),(2010,779,18,8,0),(2011,779,51,10,0),(2012,780,24,30,25),(2013,780,62,21,25),(2014,781,55,35,0),(2015,781,59,24,0),(2016,782,56,20,0),(2017,782,63,12,0),(2018,783,2,100,25),(2019,783,5,70,0),(2020,783,29,60,25),(2021,783,59,100,25),(2022,784,1,45,0),(2023,784,13,80,0),(2024,784,24,21,0),(2025,784,64,20,0),(2026,784,71,16,0),(2027,785,36,35,0),(2028,785,38,25,0),(2029,785,59,30,0),(2030,786,53,70,10),(2031,786,69,36,10),(2032,787,21,15,10),(2033,787,44,12,0),(2034,787,61,6,0),(2035,788,1,10,0),(2036,788,35,60,0),(2037,788,42,30,0),(2038,788,54,10,0),(2039,789,13,7,0),(2040,789,59,30,0),(2041,790,70,4,0),(2042,791,40,5,20),(2043,791,52,2,0),(2044,791,71,30,0),(2045,792,28,20,0),(2046,792,35,24,0),(2047,792,49,60,0),(2048,792,57,28,0),(2049,793,21,20,0),(2050,794,2,30,20),(2051,794,63,30,0),(2052,795,44,15,0),(2053,795,61,4,0),(2054,796,11,10,0),(2055,797,62,12,0),(2056,798,33,15,0),(2057,798,51,24,0),(2058,799,12,20,5),(2059,799,32,15,5),(2060,799,35,18,5),(2061,800,1,25,25),(2062,800,5,30,25),(2063,801,68,42,0),(2064,802,2,10,20),(2065,802,12,4,20),(2066,803,76,50,10),(2067,804,24,10,20),(2068,805,43,30,20),(2069,805,61,10,20),(2070,806,18,35,20),(2071,806,32,20,0),(2072,806,64,25,20),(2073,807,33,10,0),(2074,807,67,20,0),(2075,808,24,15,0),(2076,808,25,15,0),(2077,808,51,20,0),(2078,808,57,20,0),(2079,809,7,40,0),(2080,809,55,35,0),(2081,809,60,50,0),(2082,810,70,3,0),(2083,811,21,3,0),(2084,811,60,21,0),(2085,811,61,4,0),(2086,812,13,30,0),(2087,812,17,12,0),(2088,812,60,35,0),(2089,813,60,4,0),(2090,813,77,10,0),(2091,814,60,15,0),(2092,815,53,10,20),(2093,815,70,12,20),(2094,816,34,30,0),(2095,816,40,40,10),(2096,816,41,30,10),(2097,817,17,77,10),(2098,817,41,12,0),(2099,817,53,25,10),(2100,817,55,4,10),(2101,817,68,55,0),(2102,818,30,4,25),(2103,818,54,20,25),(2104,819,16,3,0),(2105,819,19,42,0),(2106,819,34,35,0),(2107,820,41,9,0),(2108,821,28,8,15),(2109,821,43,36,15),(2110,821,77,28,15),(2111,822,39,20,0),(2112,823,1,40,15),(2113,823,2,20,15),(2114,823,16,30,15),(2115,823,31,20,0),(2116,824,7,15,5),(2117,824,13,10,5),(2118,825,2,8,0),(2119,825,41,40,0),(2120,825,50,22,0),(2121,825,64,130,0),(2122,826,11,10,0),(2123,826,24,20,0),(2124,827,16,14,5),(2125,828,2,10,15),(2126,828,46,30,15),(2127,828,76,2,15),(2128,829,6,20,25),(2129,829,14,20,25),(2130,829,19,10,25),(2131,830,2,24,20),(2132,830,3,4,0),(2133,830,4,1,0),(2134,830,6,1,2),(2135,830,7,1,5),(2136,830,8,2,10),(2137,830,10,1,0),(2138,830,12,2,5),(2139,830,13,4,0),(2140,830,14,1,3),(2141,830,16,2,3),(2142,830,20,1,4),(2143,830,23,2,0),(2144,830,32,1,0),(2145,830,39,2,5),(2146,830,41,3,0),(2147,830,46,3,2),(2148,830,52,2,0),(2149,830,55,2,0),(2150,830,60,2,6),(2151,830,64,2,3),(2152,830,66,1,0),(2153,830,73,2,1),(2154,830,75,4,0),(2155,830,77,2,0);
/*!40000 ALTER TABLE `detalledepedidos` ENABLE KEYS */;
UNLOCK TABLES;

--
-- Table structure for table `empleados`
--

DROP TABLE IF EXISTS `empleados`;
/*!40101 SET @saved_cs_client     = @@character_set_client */;
/*!40101 SET character_set_client = utf8 */;
CREATE TABLE `empleados` (
  `idempleado` int(11) NOT NULL,
  `empleado` varchar(50) NOT NULL,
  `fechanacimiento` datetime DEFAULT NULL,
  `fechacontratacion` datetime DEFAULT NULL,
  `sueldo` decimal(7,2) NOT NULL,
  `direccion` varchar(45) DEFAULT NULL,
  `ciudad` varchar(12) DEFAULT NULL,
  `codpostal` varchar(12) DEFAULT NULL,
  `pais` varchar(12) DEFAULT NULL,
  `telefono` varchar(25) DEFAULT NULL,
  `idsector` smallint(6) NOT NULL,
  `idcargo` smallint(6) NOT NULL,
  PRIMARY KEY (`idempleado`),
  KEY `sueldo_index` (`sueldo`),
  KEY `idsector__index` (`idsector`),
  KEY `idcargo__index` (`idcargo`),
  CONSTRAINT `fk_cargo` FOREIGN KEY (`idcargo`) REFERENCES `cargos` (`idcargo`) ON DELETE NO ACTION ON UPDATE NO ACTION,
  CONSTRAINT `fk_sector` FOREIGN KEY (`idsector`) REFERENCES `sector` (`idsector`) ON DELETE NO ACTION ON UPDATE NO ACTION
) ENGINE=InnoDB DEFAULT CHARSET=utf8;
/*!40101 SET character_set_client = @saved_cs_client */;

--
-- Dumping data for table `empleados`
--

LOCK TABLES `empleados` WRITE;
/*!40000 ALTER TABLE `empleados` DISABLE KEYS */;
INSERT INTO `empleados` VALUES (1,'ABDALA  CECILIA','1968-12-08 00:00:00','1992-05-01 00:00:00',50000.00,'507 - 20th Ave. E.Apt. 2A','Seattle','98122','EE.UU.','(206) 555-9857',7,6),(2,'BORDA SERGIO','1952-02-19 00:00:00','1992-08-14 00:00:00',10000.00,'908 W. Capital Way','Tacoma','98401','EE.UU.','(206) 555-9482',1,4),(3,'CASTRO VIDELA  PEDRO JOSE','1963-08-30 00:00:00','1992-04-01 00:00:00',25000.00,'722 Moss Bay Blvd.','Kirkland','98033','EE.UU.','(206) 555-3412',1,5),(4,'DECIMA  CLAUDIA','1958-09-19 00:00:00','1993-05-03 00:00:00',20000.00,'4110 Old Redmond Rd.','Redmond','98052','EE.UU.','(206) 555-8122',1,3),(5,'SANTOS LUISA','1955-03-04 00:00:00','1993-10-17 00:00:00',10000.00,'14 Garrett Hill','Londres','SW1 8JR','Reino Unido','(71) 555-4848',1,4),(6,'SKYRIANO NORA','1963-07-02 00:00:00','1993-10-17 00:00:00',10000.00,'Coventry HouseMiner Rd.','Londres','EC2 7JR','Reino Unido','(71) 555-7773',1,4),(7,'SMIDT  FEDERICO','1960-05-29 00:00:00','1994-01-02 00:00:00',10000.00,'Edgeham HollowWinchester Way','Londres','RG1 9SP','Reino Unido','(71) 555-5598',1,4),(8,'SOCI MAIRA','1958-01-09 00:00:00','1994-03-05 00:00:00',10000.00,'4726 - 11th Ave. N.E.','Seattle','98105','EE.UU.','(206) 555-1189',1,4),(9,'SOLANA TRUCO','1969-07-02 00:00:00','1994-11-15 00:00:00',10000.00,'7 Houndstooth Rd.','Londres','WG2 7LT','Reino Unido','(71) 555-4444',1,4),(10,'TERAN  ANGEL AUGUSTO','1968-12-08 00:00:00','1992-05-01 00:00:00',30000.00,'508 - 20th Ave. E.Apt. 2A','Seattle','98122','EE.UU.','(206) 555-9857',2,2),(11,'TOBAR  ANGEL AUGUSTO','1952-02-19 00:00:00','1992-08-14 00:00:00',20000.00,'909 W. Capital Way','Tacoma','98401','EE.UU.','(206) 555-9482',2,3),(12,'TOLEDO  ANA MARIA','1963-08-30 00:00:00','1992-04-01 00:00:00',10000.00,'723 Moss Bay Blvd.','Kirkland','98033','EE.UU.','(206) 555-3412',2,4),(13,'UGARTE  SILVINA','1958-09-19 00:00:00','1993-05-03 00:00:00',10000.00,'4111 Old Redmond Rd.','Redmond','98052','EE.UU.','(206) 555-8122',2,4),(14,'VALDERRABANO','1955-03-04 00:00:00','1993-10-17 00:00:00',10000.00,'15 Garrett Hill','Londres','SW1 8JR','Reino Unido','(71) 555-4848',2,4),(15,'VALDEZ FRANCISCO','1963-07-02 00:00:00','1993-10-17 00:00:00',10000.00,'Coventry House Miner Rd.','Londres','EC2 7JR','Reino Unido','(71) 555-7773',2,4),(16,'VALDEZ  MAMBRINI','1960-05-29 00:00:00','1994-01-02 00:00:00',10000.00,'Edgeham Hollow Winchester Way','Londres','RG1 9SP','Reino Unido','(71) 555-5598',2,4),(17,'VALENZUELA  ALFONSO','1958-01-09 00:00:00','1994-03-05 00:00:00',25000.00,'4727 - 11th Ave. N.E.','Seattle','98106','EE.UU.','(206) 555-1190',3,5),(18,'VALLINO ATILIO','1969-07-02 00:00:00','1994-11-15 00:00:00',30000.00,'8 Houndstooth Rd.','Londres','WG2 7LT','Reino Unido','(71) 555-4445',3,2),(19,'VARELA  ALCIDIADES','1968-12-08 00:00:00','1992-05-01 00:00:00',10000.00,'509 - 20th Ave. E.Apt. 2A','Seattle','98122','EE.UU.','(206) 555-9857',3,4),(20,'VEGA MATEO','1952-02-19 00:00:00','1992-08-14 00:00:00',10000.00,'910 W. Capital Way','Tacoma','98401','EE.UU.','(206) 555-9482',3,4),(21,'VEGOR LUCIANA','1963-08-30 00:00:00','1992-04-01 00:00:00',10000.00,'724 Moss Bay Blvd.','Kirkland','98033','EE.UU.','(206) 555-3412',3,4),(22,'VIDAL  ALBERTO','1958-09-19 00:00:00','1993-05-03 00:00:00',10000.00,'4112 Old Redmond Rd.','Redmond','98052','EE.UU.','(206) 555-8122',3,4),(23,'VIDAL  MONICA','1955-03-04 00:00:00','1993-10-17 00:00:00',25000.00,'16 Garrett Hill','Londres','SW1 8JR','Reino Unido','(71) 555-4848',4,5),(24,'VILLAGRA CAROLINA','1963-07-02 00:00:00','1993-10-17 00:00:00',10000.00,'Coventry House Miner Rd.','Londres','EC2 7JR','Reino Unido','(71) 555-7773',4,4),(25,'VILLAGRA  GUSTABO','1960-05-29 00:00:00','1994-01-02 00:00:00',10000.00,'Edgeham Hollow Winchester Way','Londres','RG1 9SP','Reino Unido','(71) 555-5598',4,4),(26,'VILLAGRA  MARCOS','1958-01-09 00:00:00','1994-03-05 00:00:00',10000.00,'4728 - 11th Ave. N.E.','Seattle','98107','EE.UU.','(206) 555-1191',4,4),(27,'VILLALONGA  ADOLFINA ','1969-07-02 00:00:00','1994-11-15 00:00:00',10000.00,'9 Houndstooth Rd.','Londres','WG2 7LT','Reino Unido','(71) 555-4446',4,4),(28,'VIOLA  OSCAR','1968-12-08 00:00:00','1992-05-01 00:00:00',40000.00,'510 - 20th Ave. E.Apt. 2A','Seattle','98122','EE.UU.','(206) 555-9857',5,1),(29,'VIRGINIA PEREZ ALZAGA','1952-02-19 00:00:00','1992-08-14 00:00:00',10000.00,'911 W. Capital Way','Tacoma','98401','EE.UU.','(206) 555-9482',5,4),(30,'WAGNER MANUEL','1963-08-30 00:00:00','1992-04-01 00:00:00',10000.00,'725 Moss Bay Blvd.','Kirkland','98033','EE.UU.','(206) 555-3412',5,4),(31,'WANG  ADELMA DEL ROSARIO','1958-09-19 00:00:00','1993-05-03 00:00:00',20000.00,'4113 Old Redmond Rd.','Redmond','98052','EE.UU.','(206) 555-8122',6,3),(32,'ESTEBAN  MARIA','1955-03-04 00:00:00','1993-10-17 00:00:00',10000.00,'17 Garrett Hill','Londres','SW1 8JR','Reino Unido','(71) 555-4848',6,4),(33,'ESTRADA  PABLO','1963-07-02 00:00:00','1993-10-17 00:00:00',10000.00,'Coventry House Miner Rd.','Londres','EC2 7JR','Reino Unido','(71) 555-7773',6,4),(34,'FAGIOLI CUEVAS CLAUDIA','1960-05-29 00:00:00','1994-01-02 00:00:00',10000.00,'Edgeham Hollow Winchester Way','Londres','RG1 9SP','Reino Unido','(71) 555-5598',6,4);
/*!40000 ALTER TABLE `empleados` ENABLE KEYS */;
UNLOCK TABLES;

--
-- Table structure for table `expreso`
--

DROP TABLE IF EXISTS `expreso`;
/*!40101 SET @saved_cs_client     = @@character_set_client */;
/*!40101 SET character_set_client = utf8 */;
CREATE TABLE `expreso` (
  `idexpreso` smallint(6) NOT NULL,
  `expreso` varchar(50) NOT NULL,
  `telefono` varchar(25) DEFAULT NULL,
  PRIMARY KEY (`idexpreso`)
) ENGINE=InnoDB DEFAULT CHARSET=utf8;
/*!40101 SET character_set_client = @saved_cs_client */;

--
-- Dumping data for table `expreso`
--

LOCK TABLES `expreso` WRITE;
/*!40000 ALTER TABLE `expreso` DISABLE KEYS */;
INSERT INTO `expreso` VALUES (1,'Speedy Express','(503) 555-9831'),(2,'United Package','(503) 555-3199'),(3,'Federal Shipping','(503) 555-9931'),(4,'DHL','(503) 555-9877'),(5,'UPS','(503) 555-2547'),(6,'Estafeta','(503) 555-3669'),(7,'FedEx Express','(503) 555-1147'),(8,'Multipack','(503) 555-8854'),(9,'Redpack','(503) 555-4682');
/*!40000 ALTER TABLE `expreso` ENABLE KEYS */;
UNLOCK TABLES;

--
-- Table structure for table `familiares`
--

DROP TABLE IF EXISTS `familiares`;
/*!40101 SET @saved_cs_client     = @@character_set_client */;
/*!40101 SET character_set_client = utf8 */;
CREATE TABLE `familiares` (
  `idfliar` int(11) NOT NULL,
  `idempleado` int(11) NOT NULL,
  `nombrefliar` varchar(50) NOT NULL,
  `parentesco` varchar(50) NOT NULL,
  `fechanacimient` datetime DEFAULT NULL,
  PRIMARY KEY (`idfliar`),
  KEY `idempleado__index` (`idempleado`),
  CONSTRAINT `fk_fliar` FOREIGN KEY (`idempleado`) REFERENCES `empleados` (`idempleado`) ON DELETE NO ACTION ON UPDATE NO ACTION
) ENGINE=InnoDB DEFAULT CHARSET=utf8;
/*!40101 SET character_set_client = @saved_cs_client */;

--
-- Dumping data for table `familiares`
--

LOCK TABLES `familiares` WRITE;
/*!40000 ALTER TABLE `familiares` DISABLE KEYS */;
INSERT INTO `familiares` VALUES (1,4,'MINIAN GABRIEL','HIJO','2001-12-01 00:00:00'),(2,4,'MINIAN JULIAN','ESPOSO','1976-03-28 00:00:00'),(3,5,'PECCI CECILIA','HIJO','1995-08-09 00:00:00'),(4,5,'PECCI JOSE CARLOS','HIJO','1999-09-26 00:00:00'),(5,5,'PECCI MARIA ELMILIA','HIJO','2002-06-07 00:00:00'),(6,6,'BARALDO VICTORICA  MARÍA LUISA','HIJO','1998-03-01 00:00:00'),(7,6,'ESTEVEZ ANA','HIJO','2007-03-08 00:00:00'),(8,7,'QUIROGA JUANA','ESPOSA','1977-11-09 00:00:00'),(9,20,'FARTER MARCELA','ESPOSA','1991-02-25 00:00:00'),(10,21,'GEREZ MARIO FERNANDO','HIJO','2006-10-31 00:00:00'),(11,22,'LOPEZ MARIA','ESPOSA','1970-12-26 00:00:00'),(12,23,'MALFA PABLO ','HIJO','2000-10-08 00:00:00'),(13,23,'MALFA MARTINA','HIJO','2003-11-29 00:00:00'),(14,24,'ALEMAN MARIA CELESTE','HIJO','2013-11-05 00:00:00'),(15,24,'ALEMAN CARLOS','HIJO','2000-08-01 00:00:00'),(16,24,'ALEMAN ESTEBAN','HIJO','2009-09-13 00:00:00'),(17,27,'ZEITUNE JOSEFINA','HIJO','2015-08-16 00:00:00'),(18,28,'VIOLA  CRISTIAN','HIJO','2001-11-25 00:00:00'),(19,28,'VIOLA  ROSSANA','HIJO','2003-10-25 00:00:00'),(20,31,'LEMOS ANTONIO','HIJO','1995-06-24 00:00:00'),(21,31,'LEMOS MARCELO','HIJO','2010-06-05 00:00:00'),(22,31,'LEMOS ESTEBAN','HIJO','2007-10-18 00:00:00'),(23,32,'BERMUDEZ JUAN','HIJO','2013-12-10 00:00:00'),(24,32,'BERMUDEZ JORGE','HIJO','2004-07-18 00:00:00'),(25,32,'BERMUDEZ SILVIA S','HIJO','2011-07-24 00:00:00'),(26,33,'VILCHE MERCEDES','ESPOSA','1979-01-28 00:00:00'),(27,33,'ESTRADA LIBIA','HIJO','2008-09-28 00:00:00'),(28,33,'ESTRADA LILIANA RAQUEL','HIJO','2004-06-09 00:00:00'),(29,34,'GABARDOS NOEMI SUSANA','HIJO','2012-11-25 00:00:00'),(30,34,'GABARDOS AMELIA G','HIJO','2015-11-04 00:00:00'),(31,12,'TOLEDO JUAN','HIJO','2002-04-28 00:00:00'),(32,12,'TOLEDO EMILIO','HIJO','2009-05-21 00:00:00');
/*!40000 ALTER TABLE `familiares` ENABLE KEYS */;
UNLOCK TABLES;

--
-- Table structure for table `pedidos`
--

DROP TABLE IF EXISTS `pedidos`;
/*!40101 SET @saved_cs_client     = @@character_set_client */;
/*!40101 SET character_set_client = utf8 */;
CREATE TABLE `pedidos` (
  `idpedido` int(11) NOT NULL,
  `idcliente` int(11) NOT NULL,
  `idempleado` int(11) NOT NULL,
  `fechapedido` datetime NOT NULL,
  `fechaenvio` datetime DEFAULT NULL,
  `fechaentrega` datetime DEFAULT NULL,
  `idexpreso` smallint(6) NOT NULL,
  `monto` decimal(7,2) NOT NULL,
  PRIMARY KEY (`idpedido`),
  KEY `idcliente_index` (`idcliente`),
  KEY `idempleado__index` (`idempleado`),
  KEY `formaenvio__index` (`idexpreso`),
  KEY `monto_index` (`monto`),
  CONSTRAINT `fk_cliente` FOREIGN KEY (`idcliente`) REFERENCES `clientes` (`idcliente`) ON DELETE NO ACTION ON UPDATE NO ACTION,
  CONSTRAINT `fk_empleado` FOREIGN KEY (`idempleado`) REFERENCES `empleados` (`idempleado`) ON DELETE NO ACTION ON UPDATE NO ACTION,
  CONSTRAINT `fk_expreso` FOREIGN KEY (`idexpreso`) REFERENCES `expreso` (`idexpreso`) ON DELETE NO ACTION ON UPDATE NO ACTION
) ENGINE=InnoDB DEFAULT CHARSET=utf8;
/*!40101 SET character_set_client = @saved_cs_client */;

--
-- Dumping data for table `pedidos`
--

LOCK TABLES `pedidos` WRITE;
/*!40000 ALTER TABLE `pedidos` DISABLE KEYS */;
INSERT INTO `pedidos` VALUES (1,24,15,'2015-01-01 00:00:00','2015-01-03 00:00:00','2015-01-07 00:00:00',1,4171.00),(2,31,15,'2015-01-01 00:00:00','2015-01-03 00:00:00','2015-01-05 00:00:00',9,1143.00),(3,50,13,'2015-01-02 00:00:00','2015-01-04 00:00:00','2015-01-09 00:00:00',3,143.00),(4,50,14,'2015-01-02 00:00:00','2015-01-04 00:00:00','2015-01-08 00:00:00',4,1155.00),(5,73,14,'2015-01-03 00:00:00','2015-01-05 00:00:00','2015-01-10 00:00:00',5,90.00),(6,69,12,'2015-01-04 00:00:00','2015-01-06 00:00:00','2015-01-08 00:00:00',4,5049.00),(7,30,16,'2015-01-04 00:00:00','2015-01-06 00:00:00','2015-01-09 00:00:00',8,142.00),(8,31,15,'2015-01-05 00:00:00','2015-01-07 00:00:00','2015-01-11 00:00:00',7,673.00),(9,9,13,'2015-01-06 00:00:00','2015-01-08 00:00:00','2015-01-11 00:00:00',4,221.00),(10,85,15,'2015-01-08 00:00:00','2015-01-10 00:00:00','2015-01-13 00:00:00',4,454.00),(11,63,12,'2015-01-08 00:00:00','2015-01-10 00:00:00','2015-01-12 00:00:00',1,275.00),(12,11,12,'2015-01-08 00:00:00','2015-01-10 00:00:00','2015-01-15 00:00:00',9,599.00),(13,39,16,'2015-01-09 00:00:00','2015-01-11 00:00:00','2015-01-13 00:00:00',3,20152.00),(14,20,14,'2015-01-10 00:00:00','2015-01-12 00:00:00','2015-01-14 00:00:00',4,3255.00),(15,14,14,'2015-01-10 00:00:00','2015-01-12 00:00:00','2015-01-17 00:00:00',5,543.00),(16,60,14,'2015-01-11 00:00:00','2015-01-13 00:00:00','2015-01-17 00:00:00',4,423.00),(17,46,16,'2015-01-12 00:00:00','2015-01-14 00:00:00','2015-01-16 00:00:00',8,696.00),(18,36,15,'2015-01-12 00:00:00','2015-01-14 00:00:00','2015-01-19 00:00:00',7,679.00),(19,66,14,'2015-01-12 00:00:00','2015-01-14 00:00:00','2015-01-19 00:00:00',4,2615.00),(20,5,15,'2015-01-13 00:00:00','2015-01-15 00:00:00','2015-01-17 00:00:00',4,70.00),(21,20,15,'2015-01-13 00:00:00','2015-01-15 00:00:00','2015-01-17 00:00:00',1,1928.00),(22,25,14,'2015-01-13 00:00:00','2015-01-15 00:00:00','2015-01-19 00:00:00',9,385.00),(23,48,14,'2015-01-14 00:00:00','2015-01-16 00:00:00','2015-01-18 00:00:00',3,1401.00),(24,9,11,'2015-01-15 00:00:00','2015-01-17 00:00:00','2015-01-20 00:00:00',4,334.00),(25,24,14,'2015-01-15 00:00:00','2015-01-17 00:00:00','2015-01-20 00:00:00',5,337.00),(26,34,15,'2015-01-15 00:00:00','2015-01-17 00:00:00','2015-01-21 00:00:00',4,759.00),(27,59,13,'2015-01-17 00:00:00','2015-01-19 00:00:00','2015-01-24 00:00:00',8,1984.00),(28,9,16,'2015-01-17 00:00:00','2015-01-19 00:00:00','2015-01-24 00:00:00',7,339.00),(29,7,14,'2015-01-18 00:00:00','2015-01-20 00:00:00','2015-01-23 00:00:00',4,607.00),(30,89,15,'2015-01-18 00:00:00','2015-01-20 00:00:00','2015-01-24 00:00:00',4,475.00),(31,45,16,'2015-01-19 00:00:00','2015-01-21 00:00:00','2015-01-23 00:00:00',1,24.00),(32,12,16,'2015-01-19 00:00:00','2015-01-21 00:00:00','2015-01-25 00:00:00',9,630.00),(33,73,11,'2015-01-20 00:00:00','2015-01-22 00:00:00','2015-01-26 00:00:00',3,3833.00),(34,42,13,'2015-01-21 00:00:00','2015-01-23 00:00:00','2015-01-26 00:00:00',4,149.00),(35,54,16,'2015-01-22 00:00:00','2015-01-24 00:00:00','2015-01-28 00:00:00',5,104.00),(36,9,13,'2015-01-23 00:00:00','2015-01-25 00:00:00','2015-01-29 00:00:00',4,7012.00),(37,81,2,'2015-01-25 00:00:00','2015-01-27 00:00:00','2015-01-31 00:00:00',8,2900.00),(38,57,16,'2015-01-25 00:00:00','2015-01-27 00:00:00','2015-01-30 00:00:00',7,1930.00),(39,73,8,'2015-01-26 00:00:00','2015-01-28 00:00:00','2015-02-01 00:00:00',4,619.00),(40,33,15,'2015-01-27 00:00:00','2015-01-29 00:00:00','2015-02-01 00:00:00',4,248.00),(41,69,14,'2015-01-27 00:00:00','2015-01-29 00:00:00','2015-02-03 00:00:00',1,16615.00),(42,69,13,'2015-01-28 00:00:00','2015-01-30 00:00:00','2015-02-04 00:00:00',9,163.00),(43,73,12,'2015-01-29 00:00:00','2015-01-31 00:00:00','2015-02-02 00:00:00',3,1464.00),(44,23,16,'2015-01-29 00:00:00','2015-01-31 00:00:00','2015-02-03 00:00:00',4,964.00),(45,8,15,'2015-01-30 00:00:00','2015-02-01 00:00:00','2015-02-06 00:00:00',5,1558.00),(46,9,13,'2015-01-30 00:00:00','2015-02-01 00:00:00','2015-02-04 00:00:00',4,203.00),(47,82,13,'2015-01-31 00:00:00','2015-02-02 00:00:00','2015-02-04 00:00:00',8,442.00),(48,33,13,'2015-02-01 00:00:00','2015-02-03 00:00:00','2015-02-06 00:00:00',7,2499.00),(49,39,15,'2015-02-01 00:00:00','2015-02-03 00:00:00','2015-02-06 00:00:00',4,1050.00),(50,69,14,'2015-02-03 00:00:00','2015-02-05 00:00:00','2015-02-10 00:00:00',4,1783.00),(51,34,15,'2015-02-03 00:00:00','2015-02-05 00:00:00','2015-02-08 00:00:00',1,3592.00),(52,39,12,'2015-02-03 00:00:00','2015-02-05 00:00:00','2015-02-09 00:00:00',9,303.00),(53,74,15,'2015-02-03 00:00:00','2015-02-05 00:00:00','2015-02-07 00:00:00',3,591.00),(54,85,13,'2015-02-04 00:00:00','2015-02-06 00:00:00','2015-02-11 00:00:00',4,2730.00),(55,41,18,'2015-02-07 00:00:00','2015-02-09 00:00:00','2015-02-13 00:00:00',5,93.00),(56,40,12,'2015-02-08 00:00:00','2015-02-10 00:00:00','2015-02-13 00:00:00',4,392.00),(57,38,5,'2015-02-08 00:00:00','2015-02-10 00:00:00','2015-02-12 00:00:00',8,219.00),(58,56,19,'2015-02-10 00:00:00','2015-02-12 00:00:00','2015-02-14 00:00:00',7,1386.00),(59,1,12,'2015-02-10 00:00:00','2015-02-12 00:00:00','2015-02-17 00:00:00',4,24.00),(60,17,13,'2015-02-11 00:00:00','2015-02-13 00:00:00','2015-02-15 00:00:00',4,2989.00),(61,57,16,'2015-02-14 00:00:00','2015-02-16 00:00:00','2015-02-19 00:00:00',1,6784.00),(62,27,13,'2015-02-17 00:00:00','2015-02-19 00:00:00','2015-02-24 00:00:00',9,1459.00),(63,24,16,'2015-02-18 00:00:00','2015-02-20 00:00:00','2015-02-23 00:00:00',3,1865.00),(64,38,15,'2015-02-20 00:00:00','2015-02-22 00:00:00','2015-02-27 00:00:00',4,162.00),(65,68,14,'2015-02-20 00:00:00','2015-02-22 00:00:00','2015-02-25 00:00:00',5,1443.00),(66,14,11,'2015-02-22 00:00:00','2015-02-24 00:00:00','2015-03-01 00:00:00',4,964.00),(67,44,13,'2015-02-23 00:00:00','2015-02-25 00:00:00','2015-02-28 00:00:00',8,1028.00),(68,34,12,'2015-02-23 00:00:00','2015-02-25 00:00:00','2015-03-01 00:00:00',7,530.00),(69,57,12,'2015-02-24 00:00:00','2015-02-26 00:00:00','2015-02-28 00:00:00',4,625.00),(70,69,15,'2015-02-24 00:00:00','2015-02-26 00:00:00','2015-03-03 00:00:00',4,462.00),(71,75,16,'2015-02-25 00:00:00','2015-02-27 00:00:00','2015-03-04 00:00:00',1,85.00),(72,81,2,'2015-02-26 00:00:00','2015-02-28 00:00:00','2015-03-02 00:00:00',9,1310.00),(73,64,16,'2015-02-26 00:00:00','2015-02-28 00:00:00','2015-03-05 00:00:00',3,598.00),(74,79,14,'2015-02-27 00:00:00','2015-03-01 00:00:00','2015-03-03 00:00:00',4,1588.00),(75,71,13,'2015-02-27 00:00:00','2015-03-01 00:00:00','2015-03-06 00:00:00',5,5145.00),(76,12,15,'2015-02-27 00:00:00','2015-03-01 00:00:00','2015-03-06 00:00:00',4,395.00),(77,47,14,'2015-02-27 00:00:00','2015-03-01 00:00:00','2015-03-03 00:00:00',8,233.00),(78,35,14,'2015-02-28 00:00:00','2015-03-02 00:00:00','2015-03-04 00:00:00',7,4.00),(79,40,18,'2015-03-01 00:00:00','2015-03-03 00:00:00','2015-03-07 00:00:00',4,4998.00),(80,9,9,'2015-03-01 00:00:00','2015-03-03 00:00:00','2015-03-05 00:00:00',4,1270.00),(81,19,15,'2015-03-01 00:00:00','2015-03-03 00:00:00','2015-03-05 00:00:00',1,1487.00),(82,10,15,'2015-03-03 00:00:00','2015-03-05 00:00:00','2015-03-09 00:00:00',9,48.00),(83,67,1,'2015-03-03 00:00:00','2015-03-05 00:00:00','2015-03-09 00:00:00',3,165.00),(84,23,12,'2015-03-06 00:00:00','2015-03-08 00:00:00','2015-03-13 00:00:00',4,325.00),(85,19,15,'2015-03-06 00:00:00','2015-03-08 00:00:00','2015-03-11 00:00:00',5,1489.00),(86,5,12,'2015-03-07 00:00:00','2015-03-09 00:00:00','2015-03-11 00:00:00',4,4895.00),(87,43,15,'2015-03-07 00:00:00','2015-03-09 00:00:00','2015-03-13 00:00:00',8,407.00),(88,57,12,'2015-03-08 00:00:00','2015-03-10 00:00:00','2015-03-14 00:00:00',7,7212.00),(89,22,14,'2015-03-09 00:00:00','2015-03-11 00:00:00','2015-03-16 00:00:00',4,747.00),(90,25,3,'2015-03-10 00:00:00','2015-03-12 00:00:00','2015-03-14 00:00:00',4,606.00),(91,74,24,'2015-03-13 00:00:00','2015-03-15 00:00:00','2015-03-20 00:00:00',1,2941.00),(92,36,12,'2015-03-13 00:00:00','2015-03-15 00:00:00','2015-03-17 00:00:00',9,5928.00),(93,45,12,'2015-03-15 00:00:00','2015-03-17 00:00:00','2015-03-22 00:00:00',3,255.00),(94,27,15,'2015-03-15 00:00:00','2015-03-17 00:00:00','2015-03-20 00:00:00',4,26.00),(95,48,14,'2015-03-15 00:00:00','2015-03-17 00:00:00','2015-03-22 00:00:00',5,949.00),(96,38,16,'2015-03-16 00:00:00','2015-03-18 00:00:00','2015-03-22 00:00:00',4,1297.00),(97,84,16,'2015-03-18 00:00:00','2015-03-20 00:00:00','2015-03-23 00:00:00',8,901.00),(98,76,16,'2015-03-18 00:00:00','2015-03-20 00:00:00','2015-03-24 00:00:00',7,405.00),(99,59,13,'2015-03-19 00:00:00','2015-03-21 00:00:00','2015-03-26 00:00:00',4,128.00),(100,85,12,'2015-03-19 00:00:00','2015-03-21 00:00:00','2015-03-26 00:00:00',4,145.00),(101,49,16,'2015-03-19 00:00:00','2015-03-21 00:00:00','2015-03-25 00:00:00',1,2405.00),(102,63,12,'2015-03-19 00:00:00','2015-03-21 00:00:00','2015-03-23 00:00:00',9,1222.00),(103,45,15,'2015-03-20 00:00:00','2015-03-22 00:00:00','2015-03-25 00:00:00',3,18.00),(104,56,13,'2015-03-21 00:00:00','2015-03-23 00:00:00','2015-03-28 00:00:00',4,1076.00),(105,33,13,'2015-03-21 00:00:00','2015-03-23 00:00:00','2015-03-25 00:00:00',5,45.00),(106,20,14,'2015-03-21 00:00:00','2015-03-23 00:00:00','2015-03-26 00:00:00',4,2352.00),(107,23,16,'2015-03-22 00:00:00','2015-03-24 00:00:00','2015-03-28 00:00:00',8,25.00),(108,61,12,'2015-03-24 00:00:00','2015-03-26 00:00:00','2015-03-28 00:00:00',7,39.00),(109,50,14,'2015-03-26 00:00:00','2015-03-28 00:00:00','2015-03-31 00:00:00',4,313.00),(110,68,16,'2015-03-26 00:00:00','2015-03-28 00:00:00','2015-03-31 00:00:00',4,1061.00),(111,33,15,'2015-03-26 00:00:00','2015-03-28 00:00:00','2015-04-01 00:00:00',1,3867.00),(112,48,15,'2015-03-27 00:00:00','2015-03-29 00:00:00','2015-04-01 00:00:00',9,3119.00),(113,38,12,'2015-03-29 00:00:00','2015-03-31 00:00:00','2015-04-02 00:00:00',3,591.00),(114,6,14,'2015-03-30 00:00:00','2015-04-01 00:00:00','2015-04-04 00:00:00',4,38.00),(115,24,15,'2015-03-30 00:00:00','2015-04-01 00:00:00','2015-04-06 00:00:00',5,1522.00),(116,84,11,'2015-04-02 00:00:00','2015-04-04 00:00:00','2015-04-07 00:00:00',4,827.00),(117,42,14,'2015-04-04 00:00:00','2015-04-06 00:00:00','2015-04-10 00:00:00',8,238.00),(118,67,15,'2015-04-05 00:00:00','2015-04-07 00:00:00','2015-04-09 00:00:00',7,58.00),(119,40,16,'2015-04-05 00:00:00','2015-04-07 00:00:00','2015-04-12 00:00:00',4,535.00),(120,4,13,'2015-04-05 00:00:00','2015-04-07 00:00:00','2015-04-10 00:00:00',4,592.00),(121,40,16,'2015-04-06 00:00:00','2015-04-08 00:00:00','2015-04-11 00:00:00',1,212.00),(122,39,15,'2015-04-06 00:00:00','2015-04-08 00:00:00','2015-04-12 00:00:00',9,395.00),(123,63,13,'2015-04-07 00:00:00','2015-04-09 00:00:00','2015-04-11 00:00:00',3,1483.00),(124,64,12,'2015-04-07 00:00:00','2015-04-09 00:00:00','2015-04-14 00:00:00',4,1798.00),(125,46,16,'2015-04-07 00:00:00','2015-04-09 00:00:00','2015-04-14 00:00:00',5,1300.00),(126,25,15,'2015-04-08 00:00:00','2015-04-10 00:00:00','2015-04-12 00:00:00',4,2436.00),(127,63,31,'2015-04-08 00:00:00','2015-04-10 00:00:00','2015-04-13 00:00:00',8,1102.00),(128,68,16,'2015-04-08 00:00:00','2015-04-10 00:00:00','2015-04-12 00:00:00',7,92.00),(129,34,2,'2015-04-09 00:00:00','2015-04-11 00:00:00','2015-04-16 00:00:00',4,2107.00),(130,1,9,'2015-04-10 00:00:00','2015-04-12 00:00:00','2015-04-15 00:00:00',4,1390.00),(131,87,14,'2015-04-11 00:00:00','2015-04-13 00:00:00','2015-04-16 00:00:00',1,305.00),(132,20,12,'2015-04-11 00:00:00','2015-04-13 00:00:00','2015-04-18 00:00:00',9,1492.00),(133,61,13,'2015-04-11 00:00:00','2015-04-13 00:00:00','2015-04-18 00:00:00',3,22.00),(134,62,15,'2015-04-11 00:00:00','2015-04-13 00:00:00','2015-04-18 00:00:00',4,63.00),(135,10,14,'2015-04-12 00:00:00','2015-04-14 00:00:00','2015-04-16 00:00:00',5,948.00),(136,74,15,'2015-04-12 00:00:00','2015-04-14 00:00:00','2015-04-19 00:00:00',4,295.00),(137,22,16,'2015-04-12 00:00:00','2015-04-14 00:00:00','2015-04-17 00:00:00',8,27.00),(138,72,15,'2015-04-12 00:00:00','2015-04-14 00:00:00','2015-04-17 00:00:00',7,58.00),(139,23,14,'2015-04-13 00:00:00','2015-04-15 00:00:00','2015-04-20 00:00:00',4,4844.00),(140,56,14,'2015-04-15 00:00:00','2015-04-17 00:00:00','2015-04-19 00:00:00',4,1669.00),(141,60,16,'2015-04-15 00:00:00','2015-04-17 00:00:00','2015-04-22 00:00:00',1,4025.00),(142,10,31,'2015-04-15 00:00:00','2015-04-17 00:00:00','2015-04-21 00:00:00',9,1058.00),(143,33,15,'2015-04-16 00:00:00','2015-04-18 00:00:00','2015-04-23 00:00:00',3,1163.00),(144,3,16,'2015-04-16 00:00:00','2015-04-18 00:00:00','2015-04-23 00:00:00',4,949.00),(145,63,16,'2015-04-18 00:00:00','2015-04-20 00:00:00','2015-04-25 00:00:00',5,2945.00),(146,85,14,'2015-04-20 00:00:00','2015-04-22 00:00:00','2015-04-27 00:00:00',4,1171.00),(147,71,15,'2015-04-20 00:00:00','2015-04-22 00:00:00','2015-04-27 00:00:00',8,487.00),(148,63,12,'2015-04-20 00:00:00','2015-04-22 00:00:00','2015-04-27 00:00:00',7,750.00),(149,64,13,'2015-04-23 00:00:00','2015-04-25 00:00:00','2015-04-30 00:00:00',4,221.00),(150,66,5,'2015-04-23 00:00:00','2015-04-25 00:00:00','2015-04-29 00:00:00',4,617.00),(151,87,12,'2015-04-25 00:00:00','2015-04-27 00:00:00','2015-04-29 00:00:00',1,91.00),(152,47,15,'2015-04-25 00:00:00','2015-04-27 00:00:00','2015-05-01 00:00:00',9,25.00),(153,59,25,'2015-04-26 00:00:00','2015-04-28 00:00:00','2015-05-01 00:00:00',3,900.00),(154,88,7,'2015-04-26 00:00:00','2015-04-28 00:00:00','2015-05-01 00:00:00',4,762.00),(155,2,15,'2015-04-27 00:00:00','2015-04-29 00:00:00','2015-05-02 00:00:00',5,239.00),(156,85,15,'2015-04-28 00:00:00','2015-04-30 00:00:00','2015-05-04 00:00:00',4,23.00),(157,58,30,'2015-04-30 00:00:00','2015-05-02 00:00:00','2015-05-07 00:00:00',8,310.00),(158,46,12,'2015-04-30 00:00:00','2015-05-02 00:00:00','2015-05-04 00:00:00',7,3168.00),(159,45,16,'2015-05-01 00:00:00','2015-05-03 00:00:00','2015-05-07 00:00:00',4,1696.00),(160,61,15,'2015-05-01 00:00:00','2015-05-03 00:00:00','2015-05-06 00:00:00',4,838.00),(161,33,10,'2015-05-01 00:00:00','2015-05-03 00:00:00','2015-05-08 00:00:00',1,734.00),(162,21,11,'2015-05-02 00:00:00','2015-05-04 00:00:00','2015-05-09 00:00:00',9,279.00),(163,83,13,'2015-05-03 00:00:00','2015-05-05 00:00:00','2015-05-09 00:00:00',3,120.00),(164,57,15,'2015-05-03 00:00:00','2015-05-05 00:00:00','2015-05-10 00:00:00',4,504.00),(165,65,13,'2015-05-03 00:00:00','2015-05-05 00:00:00','2015-05-07 00:00:00',5,3211.00),(166,47,16,'2015-05-04 00:00:00','2015-05-06 00:00:00','2015-05-09 00:00:00',4,253.00),(167,20,12,'2015-05-04 00:00:00','2015-05-06 00:00:00','2015-05-11 00:00:00',8,8237.00),(168,77,4,'2015-05-05 00:00:00','2015-05-07 00:00:00','2015-05-10 00:00:00',7,232.00),(169,86,14,'2015-05-06 00:00:00','2015-05-08 00:00:00','2015-05-11 00:00:00',4,268.00),(170,20,16,'2015-05-06 00:00:00','2015-05-08 00:00:00','2015-05-13 00:00:00',4,5172.00),(171,65,15,'2015-05-07 00:00:00','2015-05-09 00:00:00','2015-05-14 00:00:00',1,1019.00),(172,61,16,'2015-05-07 00:00:00','2015-05-09 00:00:00','2015-05-14 00:00:00',9,16201.00),(173,26,16,'2015-05-08 00:00:00','2015-05-10 00:00:00','2015-05-12 00:00:00',3,154.00),(174,84,14,'2015-05-10 00:00:00','2015-05-12 00:00:00','2015-05-15 00:00:00',4,944.00),(175,66,32,'2015-05-10 00:00:00','2015-05-12 00:00:00','2015-05-17 00:00:00',5,1694.00),(176,73,12,'2015-05-11 00:00:00','2015-05-13 00:00:00','2015-05-18 00:00:00',4,172.00),(177,58,13,'2015-05-12 00:00:00','2015-05-14 00:00:00','2015-05-18 00:00:00',8,1476.00),(178,38,15,'2015-05-12 00:00:00','2015-05-14 00:00:00','2015-05-19 00:00:00',7,615.00),(179,33,14,'2015-05-12 00:00:00','2015-05-14 00:00:00','2015-05-16 00:00:00',4,99.00),(180,55,16,'2015-05-14 00:00:00','2015-05-16 00:00:00','2015-05-21 00:00:00',4,1927.00),(181,37,13,'2015-05-15 00:00:00','2015-05-17 00:00:00','2015-05-19 00:00:00',1,18.00),(182,31,15,'2015-05-16 00:00:00','2015-05-18 00:00:00','2015-05-23 00:00:00',9,1522.00),(183,87,13,'2015-05-17 00:00:00','2015-05-19 00:00:00','2015-05-23 00:00:00',3,1182.00),(184,28,16,'2015-05-17 00:00:00','2015-05-19 00:00:00','2015-05-23 00:00:00',4,130.00),(185,34,1,'2015-05-19 00:00:00','2015-05-21 00:00:00','2015-05-26 00:00:00',5,605.00),(186,36,10,'2015-05-21 00:00:00','2015-05-23 00:00:00','2015-05-27 00:00:00',4,842.00),(187,11,14,'2015-05-21 00:00:00','2015-05-23 00:00:00','2015-05-26 00:00:00',8,592.00),(188,20,15,'2015-05-21 00:00:00','2015-05-23 00:00:00','2015-05-27 00:00:00',7,2909.00),(189,23,15,'2015-05-21 00:00:00','2015-05-23 00:00:00','2015-05-25 00:00:00',4,1188.00),(190,37,14,'2015-05-22 00:00:00','2015-05-24 00:00:00','2015-05-28 00:00:00',4,46.00),(191,45,15,'2015-05-22 00:00:00','2015-05-24 00:00:00','2015-05-27 00:00:00',1,258.00),(192,72,12,'2015-05-23 00:00:00','2015-05-25 00:00:00','2015-05-28 00:00:00',9,1747.00),(193,43,13,'2015-05-24 00:00:00','2015-05-26 00:00:00','2015-05-28 00:00:00',3,516.00),(194,87,14,'2015-05-24 00:00:00','2015-05-26 00:00:00','2015-05-28 00:00:00',4,1203.00),(195,15,13,'2015-05-24 00:00:00','2015-05-26 00:00:00','2015-05-31 00:00:00',5,4.00),(196,61,30,'2015-05-27 00:00:00','2015-05-29 00:00:00','2015-06-02 00:00:00',4,351.00),(197,3,15,'2015-05-27 00:00:00','2015-05-29 00:00:00','2015-06-03 00:00:00',8,1696.00),(198,31,16,'2015-05-27 00:00:00','2015-05-29 00:00:00','2015-06-03 00:00:00',7,14395.00),(199,48,13,'2015-05-27 00:00:00','2015-05-29 00:00:00','2015-06-01 00:00:00',4,50.00),(200,63,15,'2015-05-28 00:00:00','2015-05-30 00:00:00','2015-06-02 00:00:00',4,1960.00),(201,34,13,'2015-05-28 00:00:00','2015-05-30 00:00:00','2015-06-01 00:00:00',1,41.00),(202,81,13,'2015-05-30 00:00:00','2015-06-01 00:00:00','2015-06-05 00:00:00',9,1118.00),(203,36,14,'2015-06-01 00:00:00','2015-06-03 00:00:00','2015-06-08 00:00:00',3,4406.00),(204,74,14,'2015-06-01 00:00:00','2015-06-03 00:00:00','2015-06-07 00:00:00',4,311.00),(205,19,12,'2015-06-01 00:00:00','2015-06-03 00:00:00','2015-06-08 00:00:00',5,5579.00),(206,54,13,'2015-06-02 00:00:00','2015-06-04 00:00:00','2015-06-07 00:00:00',4,1684.00),(207,64,14,'2015-06-02 00:00:00','2015-06-04 00:00:00','2015-06-07 00:00:00',8,279.00),(208,5,16,'2015-06-02 00:00:00','2015-06-04 00:00:00','2015-06-08 00:00:00',7,3777.00),(209,27,16,'2015-06-03 00:00:00','2015-06-05 00:00:00','2015-06-07 00:00:00',4,1780.00),(210,18,14,'2015-06-04 00:00:00','2015-06-06 00:00:00','2015-06-10 00:00:00',4,493.00),(211,16,14,'2015-06-04 00:00:00','2015-06-06 00:00:00','2015-06-10 00:00:00',1,123.00),(212,11,14,'2015-06-04 00:00:00','2015-06-06 00:00:00','2015-06-10 00:00:00',9,65.00),(213,19,12,'2015-06-04 00:00:00','2015-06-06 00:00:00','2015-06-10 00:00:00',3,932.00),(214,14,16,'2015-06-05 00:00:00','2015-06-07 00:00:00','2015-06-12 00:00:00',4,628.00),(215,11,14,'2015-06-06 00:00:00','2015-06-08 00:00:00','2015-06-12 00:00:00',5,97.00),(216,20,16,'2015-06-08 00:00:00','2015-06-10 00:00:00','2015-06-13 00:00:00',4,521.00),(217,45,14,'2015-06-10 00:00:00','2015-06-12 00:00:00','2015-06-15 00:00:00',8,1478.00),(218,52,14,'2015-06-11 00:00:00','2015-06-13 00:00:00','2015-06-15 00:00:00',7,641.00),(219,84,15,'2015-06-13 00:00:00','2015-06-15 00:00:00','2015-06-20 00:00:00',4,805.00),(220,70,16,'2015-06-19 00:00:00','2015-06-21 00:00:00','2015-06-25 00:00:00',4,2748.00),(221,29,12,'2015-06-21 00:00:00','2015-06-23 00:00:00','2015-06-27 00:00:00',1,86.00),(222,23,15,'2015-06-21 00:00:00','2015-06-23 00:00:00','2015-06-27 00:00:00',9,65.00),(223,50,11,'2015-06-22 00:00:00','2015-06-24 00:00:00','2015-06-27 00:00:00',3,3093.00),(224,87,10,'2015-06-22 00:00:00','2015-06-24 00:00:00','2015-06-26 00:00:00',4,894.00),(225,50,12,'2015-06-23 00:00:00','2015-06-25 00:00:00','2015-06-27 00:00:00',5,1821.00),(226,59,16,'2015-06-23 00:00:00','2015-06-25 00:00:00','2015-06-27 00:00:00',4,429.00),(227,63,14,'2015-06-23 00:00:00','2015-06-25 00:00:00','2015-06-28 00:00:00',8,170.00),(228,50,16,'2015-06-24 00:00:00','2015-06-26 00:00:00','2015-06-29 00:00:00',7,7412.00),(229,27,16,'2015-06-24 00:00:00','2015-06-26 00:00:00','2015-06-30 00:00:00',4,54.00),(230,37,15,'2015-06-25 00:00:00','2015-06-27 00:00:00','2015-07-02 00:00:00',4,68.00),(231,48,15,'2015-06-25 00:00:00','2015-06-27 00:00:00','2015-06-30 00:00:00',1,1309.00),(232,76,3,'2015-06-27 00:00:00','2015-06-29 00:00:00','2015-07-02 00:00:00',9,1896.00),(233,73,28,'2015-06-28 00:00:00','2015-06-30 00:00:00','2015-07-03 00:00:00',3,733.00),(234,69,12,'2015-06-30 00:00:00','2015-07-02 00:00:00','2015-07-06 00:00:00',4,3341.00),(235,6,24,'2015-07-01 00:00:00','2015-07-03 00:00:00','2015-07-05 00:00:00',5,554.00),(236,15,12,'2015-07-03 00:00:00','2015-07-05 00:00:00','2015-07-07 00:00:00',4,1594.00),(237,63,13,'2015-07-03 00:00:00','2015-07-05 00:00:00','2015-07-08 00:00:00',8,5612.00),(238,67,14,'2015-07-03 00:00:00','2015-07-05 00:00:00','2015-07-09 00:00:00',7,659.00),(239,7,12,'2015-07-04 00:00:00','2015-07-06 00:00:00','2015-07-10 00:00:00',4,3133.00),(240,27,8,'2015-07-04 00:00:00','2015-07-06 00:00:00','2015-07-10 00:00:00',4,25.00),(241,85,13,'2015-07-05 00:00:00','2015-07-07 00:00:00','2015-07-09 00:00:00',1,1586.00),(242,48,16,'2015-07-05 00:00:00','2015-07-07 00:00:00','2015-07-09 00:00:00',9,1526.00),(243,5,14,'2015-07-06 00:00:00','2015-07-08 00:00:00','2015-07-11 00:00:00',3,179.00),(244,69,15,'2015-07-06 00:00:00','2015-07-08 00:00:00','2015-07-11 00:00:00',4,10881.00),(245,47,16,'2015-07-06 00:00:00','2015-07-08 00:00:00','2015-07-13 00:00:00',5,10.00),(246,75,14,'2015-07-08 00:00:00','2015-07-10 00:00:00','2015-07-15 00:00:00',4,59.00),(247,7,13,'2015-07-09 00:00:00','2015-07-11 00:00:00','2015-07-16 00:00:00',8,558.00),(248,23,15,'2015-07-09 00:00:00','2015-07-11 00:00:00','2015-07-16 00:00:00',7,883.00),(249,10,16,'2015-07-10 00:00:00','2015-07-12 00:00:00','2015-07-16 00:00:00',4,1488.00),(250,57,12,'2015-07-11 00:00:00','2015-07-13 00:00:00','2015-07-17 00:00:00',4,2449.00),(251,84,15,'2015-07-11 00:00:00','2015-07-13 00:00:00','2015-07-18 00:00:00',1,2113.00),(252,5,12,'2015-07-11 00:00:00','2015-07-13 00:00:00','2015-07-17 00:00:00',9,2773.00),(253,55,13,'2015-07-11 00:00:00','2015-07-13 00:00:00','2015-07-16 00:00:00',3,3151.00),(254,20,16,'2015-07-12 00:00:00','2015-07-14 00:00:00','2015-07-19 00:00:00',4,15799.00),(255,37,12,'2015-07-12 00:00:00','2015-07-14 00:00:00','2015-07-17 00:00:00',5,1083.00),(256,11,16,'2015-07-13 00:00:00','2015-07-15 00:00:00','2015-07-19 00:00:00',4,911.00),(257,14,13,'2015-07-13 00:00:00','2015-07-15 00:00:00','2015-07-18 00:00:00',8,956.00),(258,24,12,'2015-07-14 00:00:00','2015-07-16 00:00:00','2015-07-18 00:00:00',7,2165.00),(259,31,23,'2015-07-14 00:00:00','2015-07-16 00:00:00','2015-07-21 00:00:00',4,88.00),(260,65,15,'2015-07-14 00:00:00','2015-07-16 00:00:00','2015-07-20 00:00:00',4,947.00),(261,40,13,'2015-07-15 00:00:00','2015-07-17 00:00:00','2015-07-20 00:00:00',1,1283.00),(262,18,14,'2015-07-15 00:00:00','2015-07-17 00:00:00','2015-07-22 00:00:00',9,655.00),(263,74,15,'2015-07-16 00:00:00','2015-07-18 00:00:00','2015-07-20 00:00:00',3,1370.00),(264,33,12,'2015-07-18 00:00:00','2015-07-20 00:00:00','2015-07-22 00:00:00',4,1316.00),(265,65,15,'2015-07-18 00:00:00','2015-07-20 00:00:00','2015-07-25 00:00:00',5,1716.00),(266,36,14,'2015-07-21 00:00:00','2015-07-23 00:00:00','2015-07-28 00:00:00',4,1132.00),(267,54,12,'2015-07-23 00:00:00','2015-07-25 00:00:00','2015-07-28 00:00:00',8,1460.00),(268,74,14,'2015-07-23 00:00:00','2015-07-25 00:00:00','2015-07-28 00:00:00',7,31.00),(269,10,13,'2015-07-23 00:00:00','2015-07-25 00:00:00','2015-07-27 00:00:00',4,482.00),(270,63,16,'2015-07-24 00:00:00','2015-07-26 00:00:00','2015-07-29 00:00:00',4,1179.00),(271,78,12,'2015-07-25 00:00:00','2015-07-27 00:00:00','2015-08-01 00:00:00',1,1275.00),(272,34,16,'2015-07-26 00:00:00','2015-07-28 00:00:00','2015-08-02 00:00:00',9,610.00),(273,54,15,'2015-07-26 00:00:00','2015-07-28 00:00:00','2015-07-30 00:00:00',3,910.00),(274,60,16,'2015-07-27 00:00:00','2015-07-29 00:00:00','2015-08-01 00:00:00',4,1421.00),(275,59,16,'2015-07-28 00:00:00','2015-07-30 00:00:00','2015-08-04 00:00:00',5,61.00),(276,27,17,'2015-07-28 00:00:00','2015-07-30 00:00:00','2015-08-02 00:00:00',4,1740.00),(277,20,11,'2015-07-29 00:00:00','2015-07-31 00:00:00','2015-08-02 00:00:00',8,2533.00),(278,74,12,'2015-07-30 00:00:00','2015-08-01 00:00:00','2015-08-06 00:00:00',7,8486.00),(279,50,15,'2015-08-01 00:00:00','2015-08-03 00:00:00','2015-08-06 00:00:00',4,81.00),(280,14,16,'2015-08-01 00:00:00','2015-08-03 00:00:00','2015-08-08 00:00:00',4,1933.00),(281,46,16,'2015-08-01 00:00:00','2015-08-03 00:00:00','2015-08-07 00:00:00',1,54.00),(282,27,12,'2015-08-02 00:00:00','2015-08-04 00:00:00','2015-08-07 00:00:00',9,149.00),(283,88,12,'2015-08-02 00:00:00','2015-08-04 00:00:00','2015-08-06 00:00:00',3,455.00),(284,45,16,'2015-08-03 00:00:00','2015-08-05 00:00:00','2015-08-10 00:00:00',4,697.00),(285,54,11,'2015-08-03 00:00:00','2015-08-05 00:00:00','2015-08-08 00:00:00',5,806.00),(286,20,14,'2015-08-05 00:00:00','2015-08-07 00:00:00','2015-08-09 00:00:00',4,3246.00),(287,56,16,'2015-08-06 00:00:00','2015-08-08 00:00:00','2015-08-12 00:00:00',8,8.00),(288,69,13,'2015-08-07 00:00:00','2015-08-09 00:00:00','2015-08-14 00:00:00',7,2531.00),(289,5,12,'2015-08-09 00:00:00','2015-08-11 00:00:00','2015-08-13 00:00:00',4,1853.00),(290,57,14,'2015-08-11 00:00:00','2015-08-13 00:00:00','2015-08-17 00:00:00',4,1061.00),(291,87,13,'2015-08-13 00:00:00','2015-08-15 00:00:00','2015-08-20 00:00:00',1,326.00),(292,65,4,'2015-08-14 00:00:00','2015-08-16 00:00:00','2015-08-18 00:00:00',9,761.00),(293,4,15,'2015-08-17 00:00:00','2015-08-19 00:00:00','2015-08-24 00:00:00',3,684.00),(294,82,15,'2015-08-17 00:00:00','2015-08-19 00:00:00','2015-08-24 00:00:00',4,3894.00),(295,65,16,'2015-08-17 00:00:00','2015-08-19 00:00:00','2015-08-22 00:00:00',5,1208.00),(296,78,13,'2015-08-19 00:00:00','2015-08-21 00:00:00','2015-08-26 00:00:00',4,313.00),(297,43,14,'2015-08-19 00:00:00','2015-08-21 00:00:00','2015-08-26 00:00:00',8,2720.00),(298,21,15,'2015-08-21 00:00:00','2015-08-23 00:00:00','2015-08-27 00:00:00',7,62.00),(299,7,14,'2015-08-21 00:00:00','2015-08-23 00:00:00','2015-08-25 00:00:00',4,1768.00),(300,20,16,'2015-08-21 00:00:00','2015-08-23 00:00:00','2015-08-27 00:00:00',4,7030.00),(301,30,13,'2015-08-21 00:00:00','2015-08-23 00:00:00','2015-08-25 00:00:00',1,564.00),(302,7,13,'2015-08-24 00:00:00','2015-08-26 00:00:00','2015-08-28 00:00:00',9,1182.00),(303,7,12,'2015-08-25 00:00:00','2015-08-27 00:00:00','2015-08-30 00:00:00',3,114.00),(304,61,15,'2015-08-26 00:00:00','2015-08-28 00:00:00','2015-08-31 00:00:00',4,4584.00),(305,31,16,'2015-08-26 00:00:00','2015-08-28 00:00:00','2015-08-30 00:00:00',5,2330.00),(306,60,29,'2015-08-26 00:00:00','2015-08-28 00:00:00','2015-08-31 00:00:00',4,95.00),(307,48,15,'2015-08-28 00:00:00','2015-08-30 00:00:00','2015-09-01 00:00:00',8,353.00),(308,9,15,'2015-08-28 00:00:00','2015-08-30 00:00:00','2015-09-01 00:00:00',7,3326.00),(309,69,12,'2015-08-29 00:00:00','2015-08-31 00:00:00','2015-09-04 00:00:00',4,2823.00),(310,24,16,'2015-08-30 00:00:00','2015-09-01 00:00:00','2015-09-06 00:00:00',4,1185.00),(311,43,14,'2015-08-31 00:00:00','2015-09-02 00:00:00','2015-09-06 00:00:00',1,1934.00),(312,41,13,'2015-08-31 00:00:00','2015-09-02 00:00:00','2015-09-05 00:00:00',9,18.00),(313,5,15,'2015-08-31 00:00:00','2015-09-02 00:00:00','2015-09-06 00:00:00',3,135.00),(314,84,16,'2015-08-31 00:00:00','2015-09-02 00:00:00','2015-09-07 00:00:00',4,1432.00),(315,77,16,'2015-09-03 00:00:00','2015-09-05 00:00:00','2015-09-07 00:00:00',5,293.00),(316,69,6,'2015-09-03 00:00:00','2015-09-05 00:00:00','2015-09-08 00:00:00',4,1048.00),(317,23,13,'2015-09-03 00:00:00','2015-09-05 00:00:00','2015-09-08 00:00:00',8,6574.00),(318,15,27,'2015-09-04 00:00:00','2015-09-06 00:00:00','2015-09-09 00:00:00',7,1319.00),(319,20,16,'2015-09-04 00:00:00','2015-09-06 00:00:00','2015-09-08 00:00:00',4,2004.00),(320,58,12,'2015-09-04 00:00:00','2015-09-06 00:00:00','2015-09-08 00:00:00',4,4044.00),(321,81,13,'2015-09-05 00:00:00','2015-09-07 00:00:00','2015-09-09 00:00:00',1,544.00),(322,61,13,'2015-09-06 00:00:00','2015-09-08 00:00:00','2015-09-13 00:00:00',9,4981.00),(323,11,15,'2015-09-06 00:00:00','2015-09-08 00:00:00','2015-09-13 00:00:00',3,137.00),(324,36,13,'2015-09-06 00:00:00','2015-09-08 00:00:00','2015-09-10 00:00:00',4,1255.00),(325,38,12,'2015-09-06 00:00:00','2015-09-08 00:00:00','2015-09-10 00:00:00',5,3417.00),(326,45,20,'2015-09-07 00:00:00','2015-09-09 00:00:00','2015-09-12 00:00:00',4,2.00),(327,38,15,'2015-09-07 00:00:00','2015-09-09 00:00:00','2015-09-13 00:00:00',8,423.00),(328,49,16,'2015-09-07 00:00:00','2015-09-09 00:00:00','2015-09-14 00:00:00',7,656.00),(329,69,12,'2015-09-10 00:00:00','2015-09-12 00:00:00','2015-09-15 00:00:00',4,7352.00),(330,58,13,'2015-09-11 00:00:00','2015-09-13 00:00:00','2015-09-18 00:00:00',4,1205.00),(331,61,12,'2015-09-13 00:00:00','2015-09-15 00:00:00','2015-09-20 00:00:00',1,6962.00),(332,55,16,'2015-09-13 00:00:00','2015-09-15 00:00:00','2015-09-20 00:00:00',9,866.00),(333,54,12,'2015-09-17 00:00:00','2015-09-19 00:00:00','2015-09-24 00:00:00',3,2712.00),(334,74,13,'2015-09-17 00:00:00','2015-09-19 00:00:00','2015-09-24 00:00:00',4,112.00),(335,24,13,'2015-09-18 00:00:00','2015-09-20 00:00:00','2015-09-23 00:00:00',5,678.00),(336,31,16,'2015-09-20 00:00:00','2015-09-22 00:00:00','2015-09-24 00:00:00',4,503.00),(337,20,13,'2015-09-21 00:00:00','2015-09-23 00:00:00','2015-09-26 00:00:00',8,15085.00),(338,26,33,'2015-09-21 00:00:00','2015-09-23 00:00:00','2015-09-27 00:00:00',7,941.00),(339,5,9,'2015-09-24 00:00:00','2015-09-26 00:00:00','2015-10-01 00:00:00',4,219.00),(340,9,16,'2015-09-24 00:00:00','2015-09-26 00:00:00','2015-09-28 00:00:00',4,395.00),(341,82,13,'2015-09-25 00:00:00','2015-09-27 00:00:00','2015-09-30 00:00:00',1,826.00),(342,88,15,'2015-09-25 00:00:00','2015-09-27 00:00:00','2015-10-02 00:00:00',9,15.00),(343,63,5,'2015-09-27 00:00:00','2015-09-29 00:00:00','2015-10-03 00:00:00',3,965.00),(344,60,14,'2015-09-27 00:00:00','2015-09-29 00:00:00','2015-10-03 00:00:00',4,2089.00),(345,11,15,'2015-09-29 00:00:00','2015-10-01 00:00:00','2015-10-05 00:00:00',5,247.00),(346,20,13,'2015-09-29 00:00:00','2015-10-01 00:00:00','2015-10-06 00:00:00',4,1561.00),(347,20,13,'2015-09-30 00:00:00','2015-10-02 00:00:00','2015-10-05 00:00:00',8,223.00),(348,2,1,'2015-10-01 00:00:00','2015-10-03 00:00:00','2015-10-08 00:00:00',7,878.00),(349,69,14,'2015-10-01 00:00:00','2015-10-03 00:00:00','2015-10-07 00:00:00',4,13150.00),(350,41,12,'2015-10-03 00:00:00','2015-10-05 00:00:00','2015-10-08 00:00:00',4,86.00),(351,33,15,'2015-10-05 00:00:00','2015-10-07 00:00:00','2015-10-12 00:00:00',1,316.00),(352,30,16,'2015-10-06 00:00:00','2015-10-08 00:00:00','2015-10-13 00:00:00',9,60.00),(353,5,15,'2015-10-07 00:00:00','2015-10-09 00:00:00','2015-10-11 00:00:00',3,2328.00),(354,61,12,'2015-10-07 00:00:00','2015-10-09 00:00:00','2015-10-13 00:00:00',4,4259.00),(355,28,12,'2015-10-07 00:00:00','2015-10-09 00:00:00','2015-10-12 00:00:00',5,27.00),(356,61,15,'2015-10-07 00:00:00','2015-10-09 00:00:00','2015-10-11 00:00:00',4,770.00),(357,3,16,'2015-10-09 00:00:00','2015-10-11 00:00:00','2015-10-13 00:00:00',8,80.00),(358,70,16,'2015-10-10 00:00:00','2015-10-12 00:00:00','2015-10-14 00:00:00',7,3568.00),(359,44,12,'2015-10-11 00:00:00','2015-10-13 00:00:00','2015-10-16 00:00:00',4,1819.00),(360,86,14,'2015-10-13 00:00:00','2015-10-15 00:00:00','2015-10-18 00:00:00',4,2.00),(361,49,15,'2015-10-13 00:00:00','2015-10-15 00:00:00','2015-10-17 00:00:00',1,649.00),(362,33,16,'2015-10-13 00:00:00','2015-10-15 00:00:00','2015-10-19 00:00:00',9,125.00),(363,88,15,'2015-10-15 00:00:00','2015-10-17 00:00:00','2015-10-22 00:00:00',3,334.00),(364,45,13,'2015-10-16 00:00:00','2015-10-18 00:00:00','2015-10-21 00:00:00',4,2972.00),(365,87,9,'2015-10-17 00:00:00','2015-10-19 00:00:00','2015-10-22 00:00:00',5,240.00),(366,82,16,'2015-10-21 00:00:00','2015-10-23 00:00:00','2015-10-27 00:00:00',4,2618.00),(367,77,16,'2015-10-22 00:00:00','2015-10-24 00:00:00','2015-10-29 00:00:00',8,555.00),(368,21,15,'2015-10-23 00:00:00','2015-10-25 00:00:00','2015-10-30 00:00:00',7,216.00),(369,7,13,'2015-10-24 00:00:00','2015-10-26 00:00:00','2015-10-30 00:00:00',4,1105.00),(370,69,2,'2015-10-25 00:00:00','2015-10-27 00:00:00','2015-10-30 00:00:00',4,7053.00),(371,84,15,'2015-10-28 00:00:00','2015-10-30 00:00:00','2015-11-04 00:00:00',1,734.00),(372,14,12,'2015-10-28 00:00:00','2015-10-30 00:00:00','2015-11-03 00:00:00',9,1835.00),(373,84,14,'2015-10-28 00:00:00','2015-10-30 00:00:00','2015-11-02 00:00:00',3,471.00),(374,29,14,'2015-10-29 00:00:00','2015-10-31 00:00:00','2015-11-02 00:00:00',4,1182.00),(375,45,15,'2015-10-30 00:00:00','2015-11-01 00:00:00','2015-11-06 00:00:00',5,2040.00),(376,78,12,'2015-10-31 00:00:00','2015-11-02 00:00:00','2015-11-04 00:00:00',4,371.00),(377,63,15,'2015-11-01 00:00:00','2015-11-03 00:00:00','2015-11-06 00:00:00',8,14179.00),(378,69,16,'2015-11-02 00:00:00','2015-11-04 00:00:00','2015-11-08 00:00:00',7,4285.00),(379,62,29,'2015-11-02 00:00:00','2015-11-04 00:00:00','2015-11-07 00:00:00',4,1817.00),(380,53,6,'2015-11-02 00:00:00','2015-11-04 00:00:00','2015-11-06 00:00:00',4,991.00),(381,37,12,'2015-11-03 00:00:00','2015-11-05 00:00:00','2015-11-08 00:00:00',1,94.00),(382,73,13,'2015-11-03 00:00:00','2015-11-05 00:00:00','2015-11-08 00:00:00',9,259.00),(383,87,15,'2015-11-05 00:00:00','2015-11-07 00:00:00','2015-11-10 00:00:00',3,2051.00),(384,23,4,'2015-11-06 00:00:00','2015-11-08 00:00:00','2015-11-12 00:00:00',4,176.00),(385,32,15,'2015-11-07 00:00:00','2015-11-09 00:00:00','2015-11-14 00:00:00',5,30.00),(386,86,12,'2015-11-09 00:00:00','2015-11-11 00:00:00','2015-11-15 00:00:00',4,274.00),(387,10,11,'2015-11-09 00:00:00','2015-11-11 00:00:00','2015-11-13 00:00:00',8,1050.00),(388,69,13,'2015-11-10 00:00:00','2015-11-12 00:00:00','2015-11-16 00:00:00',7,2149.00),(389,44,15,'2015-11-12 00:00:00','2015-11-14 00:00:00','2015-11-17 00:00:00',4,274.00),(390,86,16,'2015-11-12 00:00:00','2015-11-14 00:00:00','2015-11-16 00:00:00',4,33.00),(391,83,16,'2015-11-13 00:00:00','2015-11-15 00:00:00','2015-11-18 00:00:00',1,221.00),(392,43,16,'2015-11-13 00:00:00','2015-11-15 00:00:00','2015-11-17 00:00:00',9,1064.00),(393,70,15,'2015-11-14 00:00:00','2015-11-16 00:00:00','2015-11-19 00:00:00',3,546.00),(394,14,16,'2015-11-16 00:00:00','2015-11-18 00:00:00','2015-11-21 00:00:00',4,459.00),(395,73,15,'2015-11-16 00:00:00','2015-11-18 00:00:00','2015-11-23 00:00:00',5,3913.00),(396,44,15,'2015-11-16 00:00:00','2015-11-18 00:00:00','2015-11-22 00:00:00',4,919.00),(397,4,12,'2015-11-17 00:00:00','2015-11-19 00:00:00','2015-11-24 00:00:00',8,507.00),(398,69,16,'2015-11-17 00:00:00','2015-11-19 00:00:00','2015-11-23 00:00:00',7,975.00),(399,36,15,'2015-11-18 00:00:00','2015-11-20 00:00:00','2015-11-24 00:00:00',4,882.00),(400,10,15,'2015-11-19 00:00:00','2015-11-21 00:00:00','2015-11-25 00:00:00',4,1257.00),(401,20,11,'2015-11-20 00:00:00','2015-11-22 00:00:00','2015-11-27 00:00:00',1,2921.00),(402,46,10,'2015-11-20 00:00:00','2015-11-22 00:00:00','2015-11-25 00:00:00',9,910.00),(403,69,13,'2015-11-23 00:00:00','2015-11-25 00:00:00','2015-11-30 00:00:00',3,489.00),(404,29,15,'2015-11-23 00:00:00','2015-11-25 00:00:00','2015-11-29 00:00:00',4,467.00),(405,83,32,'2015-11-26 00:00:00','2015-11-28 00:00:00','2015-12-01 00:00:00',5,23.00),(406,32,16,'2015-11-27 00:00:00','2015-11-29 00:00:00','2015-12-03 00:00:00',4,1325.00),(407,85,11,'2015-11-27 00:00:00','2015-11-29 00:00:00','2015-12-01 00:00:00',8,1463.00),(408,9,16,'2015-11-27 00:00:00','2015-11-29 00:00:00','2015-12-04 00:00:00',7,2692.00),(409,23,4,'2015-11-28 00:00:00','2015-11-30 00:00:00','2015-12-04 00:00:00',4,108.00),(410,61,12,'2015-11-28 00:00:00','2015-11-30 00:00:00','2015-12-04 00:00:00',4,854.00),(411,46,14,'2015-11-29 00:00:00','2015-12-01 00:00:00','2015-12-03 00:00:00',1,558.00),(412,79,14,'2015-11-30 00:00:00','2015-12-02 00:00:00','2015-12-05 00:00:00',9,27.00),(413,31,3,'2015-11-30 00:00:00','2015-12-02 00:00:00','2015-12-04 00:00:00',3,370.00),(414,9,16,'2015-11-30 00:00:00','2015-12-02 00:00:00','2015-12-05 00:00:00',4,1208.00),(415,3,16,'2015-12-01 00:00:00','2015-12-03 00:00:00','2015-12-05 00:00:00',5,1168.00),(416,20,14,'2015-12-03 00:00:00','2015-12-05 00:00:00','2015-12-10 00:00:00',4,2039.00),(417,19,16,'2015-12-05 00:00:00','2015-12-07 00:00:00','2015-12-09 00:00:00',8,1678.00),(418,35,13,'2015-12-05 00:00:00','2015-12-07 00:00:00','2015-12-09 00:00:00',7,2225.00),(419,69,15,'2015-12-05 00:00:00','2015-12-07 00:00:00','2015-12-10 00:00:00',4,601.00),(420,16,15,'2015-12-06 00:00:00','2015-12-08 00:00:00','2015-12-11 00:00:00',4,184.00),(421,6,16,'2015-12-06 00:00:00','2015-12-08 00:00:00','2015-12-11 00:00:00',1,893.00),(422,64,30,'2015-12-07 00:00:00','2015-12-09 00:00:00','2015-12-14 00:00:00',9,149.00),(423,20,15,'2015-12-07 00:00:00','2015-12-09 00:00:00','2015-12-13 00:00:00',3,2527.00),(424,6,6,'2015-12-08 00:00:00','2015-12-10 00:00:00','2015-12-13 00:00:00',4,177.00),(425,14,16,'2015-12-09 00:00:00','2015-12-11 00:00:00','2015-12-13 00:00:00',5,23.00),(426,37,14,'2015-12-09 00:00:00','2015-12-11 00:00:00','2015-12-15 00:00:00',4,474.00),(427,10,15,'2015-12-09 00:00:00','2015-12-11 00:00:00','2015-12-14 00:00:00',8,280.00),(428,46,12,'2015-12-12 00:00:00','2015-12-14 00:00:00','2015-12-16 00:00:00',7,396.00),(429,64,15,'2015-12-12 00:00:00','2015-12-14 00:00:00','2015-12-16 00:00:00',4,359.00),(430,38,12,'2015-12-14 00:00:00','2015-12-16 00:00:00','2015-12-19 00:00:00',4,1555.00),(431,9,16,'2015-12-15 00:00:00','2015-12-17 00:00:00','2015-12-20 00:00:00',1,2263.00),(432,37,12,'2015-12-15 00:00:00','2015-12-17 00:00:00','2015-12-20 00:00:00',9,1230.00),(433,22,13,'2015-12-16 00:00:00','2015-12-18 00:00:00','2015-12-20 00:00:00',3,9747.00),(434,60,16,'2015-12-16 00:00:00','2015-12-18 00:00:00','2015-12-22 00:00:00',4,2217.00),(435,30,14,'2015-12-16 00:00:00','2015-12-18 00:00:00','2015-12-22 00:00:00',5,166.00),(436,38,13,'2015-12-17 00:00:00','2015-12-19 00:00:00','2015-12-21 00:00:00',4,882.00),(437,55,16,'2015-12-17 00:00:00','2015-12-19 00:00:00','2015-12-24 00:00:00',8,1517.00),(438,20,15,'2015-12-19 00:00:00','2015-12-21 00:00:00','2015-12-26 00:00:00',7,9175.00),(439,48,25,'2015-12-21 00:00:00','2015-12-23 00:00:00','2015-12-26 00:00:00',4,47.00),(440,43,13,'2015-12-22 00:00:00','2015-12-24 00:00:00','2015-12-26 00:00:00',4,724.00),(441,36,12,'2015-12-23 00:00:00','2015-12-25 00:00:00','2015-12-30 00:00:00',1,700.00),(442,48,12,'2015-12-23 00:00:00','2015-12-25 00:00:00','2015-12-27 00:00:00',9,98.00),(443,85,15,'2015-12-23 00:00:00','2015-12-25 00:00:00','2015-12-27 00:00:00',3,2989.00),(444,5,12,'2015-12-23 00:00:00','2015-12-25 00:00:00','2015-12-30 00:00:00',4,3030.00),(445,85,14,'2015-12-24 00:00:00','2015-12-26 00:00:00','2015-12-28 00:00:00',5,3609.00),(446,54,13,'2015-12-25 00:00:00','2015-12-27 00:00:00','2015-12-31 00:00:00',4,5152.00),(447,28,15,'2015-12-27 00:00:00','2015-12-29 00:00:00','2016-01-03 00:00:00',8,25.00),(448,77,14,'2015-12-28 00:00:00','2015-12-30 00:00:00','2016-01-02 00:00:00',7,164.00),(449,60,12,'2015-12-28 00:00:00','2015-12-30 00:00:00','2016-01-02 00:00:00',4,2116.00),(450,51,12,'2015-12-28 00:00:00','2015-12-30 00:00:00','2016-01-02 00:00:00',4,204.00),(451,36,16,'2015-12-28 00:00:00','2015-12-30 00:00:00','2016-01-01 00:00:00',1,1830.00),(452,69,29,'2015-12-29 00:00:00','2015-12-31 00:00:00','2016-01-05 00:00:00',9,4651.00),(453,20,13,'2015-12-30 00:00:00','2016-01-01 00:00:00','2016-01-06 00:00:00',3,1589.00),(454,49,16,'2015-12-31 00:00:00','2016-01-02 00:00:00','2016-01-05 00:00:00',4,1333.00),(455,34,15,'2016-01-02 00:00:00','2016-01-04 00:00:00','2016-01-09 00:00:00',5,4203.00),(456,69,16,'2016-01-02 00:00:00','2016-01-04 00:00:00','2016-01-09 00:00:00',4,292.00),(457,34,14,'2016-01-05 00:00:00','2016-01-07 00:00:00','2016-01-12 00:00:00',8,595.00),(458,2,14,'2016-01-05 00:00:00','2016-01-07 00:00:00','2016-01-09 00:00:00',7,798.00),(459,69,15,'2016-01-06 00:00:00','2016-01-08 00:00:00','2016-01-13 00:00:00',4,4224.00),(460,24,5,'2016-01-08 00:00:00','2016-01-10 00:00:00','2016-01-13 00:00:00',4,1096.00),(461,61,26,'2016-01-08 00:00:00','2016-01-10 00:00:00','2016-01-12 00:00:00',1,3781.00),(462,58,13,'2016-01-08 00:00:00','2016-01-10 00:00:00','2016-01-12 00:00:00',9,260.00),(463,17,16,'2016-01-09 00:00:00','2016-01-11 00:00:00','2016-01-13 00:00:00',3,610.00),(464,15,9,'2016-01-09 00:00:00','2016-01-11 00:00:00','2016-01-15 00:00:00',4,238.00),(465,36,14,'2016-01-09 00:00:00','2016-01-11 00:00:00','2016-01-14 00:00:00',5,351.00),(466,81,13,'2016-01-09 00:00:00','2016-01-11 00:00:00','2016-01-15 00:00:00',4,5981.00),(467,79,15,'2016-01-09 00:00:00','2016-01-11 00:00:00','2016-01-15 00:00:00',8,708.00),(468,40,16,'2016-01-09 00:00:00','2016-01-11 00:00:00','2016-01-13 00:00:00',7,1365.00),(469,72,13,'2016-01-13 00:00:00','2016-01-15 00:00:00','2016-01-20 00:00:00',4,176.00),(470,34,14,'2016-01-14 00:00:00','2016-01-16 00:00:00','2016-01-18 00:00:00',4,1166.00),(471,43,16,'2016-01-15 00:00:00','2016-01-17 00:00:00','2016-01-19 00:00:00',1,1531.00),(472,23,13,'2016-01-15 00:00:00','2016-01-17 00:00:00','2016-01-20 00:00:00',9,1760.00),(473,50,14,'2016-01-16 00:00:00','2016-01-18 00:00:00','2016-01-23 00:00:00',3,142.00),(474,55,14,'2016-01-16 00:00:00','2016-01-18 00:00:00','2016-01-23 00:00:00',4,2912.00),(475,4,16,'2016-01-18 00:00:00','2016-01-20 00:00:00','2016-01-23 00:00:00',5,90.00),(476,30,12,'2016-01-18 00:00:00','2016-01-20 00:00:00','2016-01-24 00:00:00',4,99.00),(477,48,14,'2016-01-19 00:00:00','2016-01-21 00:00:00','2016-01-23 00:00:00',8,538.00),(478,4,15,'2016-01-19 00:00:00','2016-01-21 00:00:00','2016-01-26 00:00:00',7,1459.00),(479,61,6,'2016-01-19 00:00:00','2016-01-21 00:00:00','2016-01-25 00:00:00',4,7283.00),(480,5,16,'2016-01-20 00:00:00','2016-01-22 00:00:00','2016-01-26 00:00:00',4,3372.00),(481,24,13,'2016-01-20 00:00:00','2016-01-22 00:00:00','2016-01-24 00:00:00',1,733.00),(482,84,16,'2016-01-20 00:00:00','2016-01-22 00:00:00','2016-01-26 00:00:00',9,412.00),(483,63,12,'2016-01-22 00:00:00','2016-01-24 00:00:00','2016-01-26 00:00:00',3,250.00),(484,87,10,'2016-01-22 00:00:00','2016-01-24 00:00:00','2016-01-29 00:00:00',4,1637.00),(485,78,15,'2016-01-24 00:00:00','2016-01-26 00:00:00','2016-01-30 00:00:00',5,276.00),(486,28,11,'2016-01-24 00:00:00','2016-01-26 00:00:00','2016-01-29 00:00:00',4,373.00),(487,87,12,'2016-01-25 00:00:00','2016-01-27 00:00:00','2016-02-01 00:00:00',8,465.00),(488,50,15,'2016-01-29 00:00:00','2016-01-31 00:00:00','2016-02-03 00:00:00',7,407.00),(489,60,16,'2016-01-29 00:00:00','2016-01-31 00:00:00','2016-02-03 00:00:00',4,2160.00),(490,33,15,'2016-01-29 00:00:00','2016-01-31 00:00:00','2016-02-04 00:00:00',4,1254.00),(491,77,15,'2016-01-31 00:00:00','2016-02-02 00:00:00','2016-02-06 00:00:00',1,1244.00),(492,67,14,'2016-02-01 00:00:00','2016-02-03 00:00:00','2016-02-07 00:00:00',9,151.00),(493,70,12,'2016-02-02 00:00:00','2016-02-04 00:00:00','2016-02-09 00:00:00',3,84.00),(494,55,16,'2016-02-02 00:00:00','2016-02-04 00:00:00','2016-02-07 00:00:00',4,2419.00),(495,88,15,'2016-02-02 00:00:00','2016-02-04 00:00:00','2016-02-09 00:00:00',5,15.00),(496,24,13,'2016-02-02 00:00:00','2016-02-04 00:00:00','2016-02-07 00:00:00',4,4859.00),(497,21,6,'2016-02-03 00:00:00','2016-02-05 00:00:00','2016-02-08 00:00:00',8,60.00),(498,61,15,'2016-02-03 00:00:00','2016-02-05 00:00:00','2016-02-10 00:00:00',7,5515.00),(499,61,16,'2016-02-04 00:00:00','2016-02-06 00:00:00','2016-02-09 00:00:00',4,5943.00),(500,49,14,'2016-02-05 00:00:00','2016-02-07 00:00:00','2016-02-10 00:00:00',4,124.00),(501,1,12,'2016-02-05 00:00:00','2016-02-07 00:00:00','2016-02-09 00:00:00',1,808.00),(502,11,5,'2016-02-06 00:00:00','2016-02-08 00:00:00','2016-02-12 00:00:00',9,455.00),(503,19,16,'2016-02-06 00:00:00','2016-02-08 00:00:00','2016-02-12 00:00:00',3,1439.00),(504,47,15,'2016-02-09 00:00:00','2016-02-11 00:00:00','2016-02-13 00:00:00',4,11.00),(505,46,16,'2016-02-09 00:00:00','2016-02-11 00:00:00','2016-02-14 00:00:00',5,1289.00),(506,24,12,'2016-02-10 00:00:00','2016-02-12 00:00:00','2016-02-15 00:00:00',4,2707.00),(507,40,16,'2016-02-11 00:00:00','2016-02-13 00:00:00','2016-02-15 00:00:00',8,853.00),(508,38,16,'2016-02-12 00:00:00','2016-02-14 00:00:00','2016-02-17 00:00:00',7,6121.00),(509,20,14,'2016-02-13 00:00:00','2016-02-15 00:00:00','2016-02-20 00:00:00',4,1475.00),(510,51,26,'2016-02-13 00:00:00','2016-02-15 00:00:00','2016-02-20 00:00:00',4,2546.00),(511,70,16,'2016-02-14 00:00:00','2016-02-16 00:00:00','2016-02-18 00:00:00',1,444.00),(512,87,15,'2016-02-16 00:00:00','2016-02-18 00:00:00','2016-02-21 00:00:00',9,298.00),(513,7,16,'2016-02-17 00:00:00','2016-02-19 00:00:00','2016-02-22 00:00:00',3,141.00),(514,10,12,'2016-02-18 00:00:00','2016-02-20 00:00:00','2016-02-23 00:00:00',4,4874.00),(515,64,15,'2016-02-21 00:00:00','2016-02-23 00:00:00','2016-02-27 00:00:00',5,459.00),(516,72,14,'2016-02-21 00:00:00','2016-02-23 00:00:00','2016-02-26 00:00:00',4,183.00),(517,60,15,'2016-02-22 00:00:00','2016-02-24 00:00:00','2016-02-27 00:00:00',8,3825.00),(518,81,14,'2016-02-23 00:00:00','2016-02-25 00:00:00','2016-02-29 00:00:00',7,3529.00),(519,43,21,'2016-02-24 00:00:00','2016-02-26 00:00:00','2016-02-29 00:00:00',4,558.00),(520,20,12,'2016-02-24 00:00:00','2016-02-26 00:00:00','2016-02-29 00:00:00',4,9558.00),(521,61,11,'2016-02-25 00:00:00','2016-02-27 00:00:00','2016-03-02 00:00:00',1,854.00),(522,6,21,'2016-02-26 00:00:00','2016-02-28 00:00:00','2016-03-02 00:00:00',9,3.00),(523,36,12,'2016-02-26 00:00:00','2016-02-28 00:00:00','2016-03-04 00:00:00',3,11618.00),(524,71,4,'2016-02-26 00:00:00','2016-02-28 00:00:00','2016-03-03 00:00:00',4,368.00),(525,4,13,'2016-02-27 00:00:00','2016-02-29 00:00:00','2016-03-02 00:00:00',5,434.00),(526,51,15,'2016-02-29 00:00:00','2016-03-02 00:00:00','2016-03-07 00:00:00',4,1162.00),(527,52,15,'2016-03-01 00:00:00','2016-03-03 00:00:00','2016-03-06 00:00:00',8,27.00),(528,69,11,'2016-03-02 00:00:00','2016-03-04 00:00:00','2016-03-08 00:00:00',7,2805.00),(529,82,12,'2016-03-02 00:00:00','2016-03-04 00:00:00','2016-03-09 00:00:00',4,983.00),(530,47,14,'2016-03-03 00:00:00','2016-03-05 00:00:00','2016-03-07 00:00:00',4,38.00),(531,47,5,'2016-03-04 00:00:00','2016-03-06 00:00:00','2016-03-08 00:00:00',1,526.00),(532,69,15,'2016-03-04 00:00:00','2016-03-06 00:00:00','2016-03-11 00:00:00',9,8016.00),(533,59,12,'2016-03-05 00:00:00','2016-03-07 00:00:00','2016-03-12 00:00:00',3,910.00),(534,20,27,'2016-03-06 00:00:00','2016-03-08 00:00:00','2016-03-10 00:00:00',4,5449.00),(535,36,12,'2016-03-07 00:00:00','2016-03-09 00:00:00','2016-03-13 00:00:00',5,946.00),(536,55,28,'2016-03-07 00:00:00','2016-03-09 00:00:00','2016-03-11 00:00:00',4,99.00),(537,5,13,'2016-03-07 00:00:00','2016-03-09 00:00:00','2016-03-11 00:00:00',8,266.00),(538,40,15,'2016-03-08 00:00:00','2016-03-10 00:00:00','2016-03-14 00:00:00',7,865.00),(539,69,15,'2016-03-10 00:00:00','2016-03-12 00:00:00','2016-03-14 00:00:00',4,4004.00),(540,7,15,'2016-03-12 00:00:00','2016-03-14 00:00:00','2016-03-16 00:00:00',4,1066.00),(541,27,14,'2016-03-12 00:00:00','2016-03-14 00:00:00','2016-03-17 00:00:00',1,339.00),(542,34,15,'2016-03-12 00:00:00','2016-03-14 00:00:00','2016-03-18 00:00:00',9,162.00),(543,61,16,'2016-03-12 00:00:00','2016-03-14 00:00:00','2016-03-16 00:00:00',3,7967.00),(544,82,15,'2016-03-13 00:00:00','2016-03-15 00:00:00','2016-03-20 00:00:00',4,144.00),(545,11,16,'2016-03-14 00:00:00','2016-03-16 00:00:00','2016-03-21 00:00:00',5,2476.00),(546,82,11,'2016-03-15 00:00:00','2016-03-17 00:00:00','2016-03-20 00:00:00',4,501.00),(547,64,15,'2016-03-15 00:00:00','2016-03-17 00:00:00','2016-03-21 00:00:00',8,9.00),(548,45,13,'2016-03-15 00:00:00','2016-03-17 00:00:00','2016-03-21 00:00:00',7,3279.00),(549,17,15,'2016-03-15 00:00:00','2016-03-17 00:00:00','2016-03-19 00:00:00',4,1585.00),(550,55,16,'2016-03-16 00:00:00','2016-03-18 00:00:00','2016-03-23 00:00:00',4,1829.00),(551,26,14,'2016-03-16 00:00:00','2016-03-18 00:00:00','2016-03-21 00:00:00',1,27.00),(552,56,12,'2016-03-17 00:00:00','2016-03-19 00:00:00','2016-03-24 00:00:00',9,920.00),(553,4,12,'2016-03-18 00:00:00','2016-03-20 00:00:00','2016-03-24 00:00:00',3,676.00),(554,82,14,'2016-03-19 00:00:00','2016-03-21 00:00:00','2016-03-24 00:00:00',4,185.00),(555,46,14,'2016-03-20 00:00:00','2016-03-22 00:00:00','2016-03-24 00:00:00',5,2821.00),(556,66,34,'2016-03-21 00:00:00','2016-03-23 00:00:00','2016-03-25 00:00:00',4,2966.00),(557,57,14,'2016-03-21 00:00:00','2016-03-23 00:00:00','2016-03-25 00:00:00',8,702.00),(558,29,22,'2016-03-24 00:00:00','2016-03-26 00:00:00','2016-03-30 00:00:00',7,2156.00),(559,71,16,'2016-03-24 00:00:00','2016-03-26 00:00:00','2016-03-29 00:00:00',4,535.00),(560,5,31,'2016-03-24 00:00:00','2016-03-26 00:00:00','2016-03-31 00:00:00',4,1915.00),(561,30,15,'2016-03-26 00:00:00','2016-03-28 00:00:00','2016-03-31 00:00:00',1,4216.00),(562,63,12,'2016-03-26 00:00:00','2016-03-28 00:00:00','2016-04-02 00:00:00',9,373.00),(563,33,12,'2016-03-26 00:00:00','2016-03-28 00:00:00','2016-03-31 00:00:00',3,106.00),(564,20,16,'2016-03-26 00:00:00','2016-03-28 00:00:00','2016-04-02 00:00:00',4,7061.00),(565,53,21,'2016-03-26 00:00:00','2016-03-28 00:00:00','2016-04-02 00:00:00',5,4357.00),(566,54,13,'2016-03-27 00:00:00','2016-03-29 00:00:00','2016-04-03 00:00:00',4,2887.00),(567,43,11,'2016-03-28 00:00:00','2016-03-30 00:00:00','2016-04-02 00:00:00',8,2207.00),(568,36,16,'2016-03-28 00:00:00','2016-03-30 00:00:00','2016-04-02 00:00:00',7,12070.00),(569,43,13,'2016-03-28 00:00:00','2016-03-30 00:00:00','2016-04-01 00:00:00',4,640.00),(570,15,12,'2016-03-28 00:00:00','2016-03-30 00:00:00','2016-04-02 00:00:00',4,599.00),(571,53,15,'2016-03-29 00:00:00','2016-03-31 00:00:00','2016-04-04 00:00:00',1,596.00),(572,89,16,'2016-03-29 00:00:00','2016-03-31 00:00:00','2016-04-05 00:00:00',9,1613.00),(573,66,12,'2016-03-29 00:00:00','2016-03-31 00:00:00','2016-04-04 00:00:00',3,4648.00),(574,89,15,'2016-03-29 00:00:00','2016-03-31 00:00:00','2016-04-05 00:00:00',4,406.00),(575,60,13,'2016-03-30 00:00:00','2016-04-01 00:00:00','2016-04-04 00:00:00',5,1166.00),(576,12,12,'2016-03-30 00:00:00','2016-04-01 00:00:00','2016-04-03 00:00:00',4,22.00),(577,81,15,'2016-03-31 00:00:00','2016-04-02 00:00:00','2016-04-07 00:00:00',8,547.00),(578,61,25,'2016-03-31 00:00:00','2016-04-02 00:00:00','2016-04-06 00:00:00',7,3424.00),(579,43,15,'2016-04-01 00:00:00','2016-04-03 00:00:00','2016-04-06 00:00:00',4,3484.00),(580,61,15,'2016-04-02 00:00:00','2016-04-04 00:00:00','2016-04-09 00:00:00',4,70.00),(581,1,15,'2016-04-03 00:00:00','2016-04-05 00:00:00','2016-04-09 00:00:00',1,478.00),(582,87,11,'2016-04-04 00:00:00','2016-04-06 00:00:00','2016-04-11 00:00:00',9,3259.00),(583,86,14,'2016-04-05 00:00:00','2016-04-07 00:00:00','2016-04-11 00:00:00',3,1104.00),(584,6,15,'2016-04-05 00:00:00','2016-04-07 00:00:00','2016-04-11 00:00:00',4,1076.00),(585,64,15,'2016-04-10 00:00:00','2016-04-12 00:00:00','2016-04-14 00:00:00',5,659.00),(586,61,15,'2016-04-11 00:00:00','2016-04-13 00:00:00','2016-04-16 00:00:00',4,3663.00),(587,34,14,'2016-04-11 00:00:00','2016-04-13 00:00:00','2016-04-16 00:00:00',8,1664.00),(588,46,15,'2016-04-11 00:00:00','2016-04-13 00:00:00','2016-04-16 00:00:00',7,472.00),(589,38,16,'2016-04-12 00:00:00','2016-04-14 00:00:00','2016-04-18 00:00:00',4,647.00),(590,55,15,'2016-04-13 00:00:00','2016-04-15 00:00:00','2016-04-17 00:00:00',4,1101.00),(591,16,15,'2016-04-14 00:00:00','2016-04-16 00:00:00','2016-04-18 00:00:00',1,764.00),(592,85,15,'2016-04-14 00:00:00','2016-04-16 00:00:00','2016-04-20 00:00:00',9,583.00),(593,40,12,'2016-04-14 00:00:00','2016-04-16 00:00:00','2016-04-21 00:00:00',3,55.00),(594,20,14,'2016-04-16 00:00:00','2016-04-18 00:00:00','2016-04-20 00:00:00',4,1895.00),(595,34,15,'2016-04-16 00:00:00','2016-04-18 00:00:00','2016-04-21 00:00:00',5,3688.00),(596,69,12,'2016-04-18 00:00:00','2016-04-20 00:00:00','2016-04-24 00:00:00',4,7779.00),(597,89,14,'2016-04-18 00:00:00','2016-04-20 00:00:00','2016-04-22 00:00:00',8,174.00),(598,34,20,'2016-04-19 00:00:00','2016-04-21 00:00:00','2016-04-24 00:00:00',7,70.00),(599,4,14,'2016-04-20 00:00:00','2016-04-22 00:00:00','2016-04-26 00:00:00',4,839.00),(600,6,14,'2016-04-20 00:00:00','2016-04-22 00:00:00','2016-04-27 00:00:00',4,622.00),(601,86,4,'2016-04-22 00:00:00','2016-04-24 00:00:00','2016-04-26 00:00:00',1,279.00),(602,71,13,'2016-04-23 00:00:00','2016-04-25 00:00:00','2016-04-28 00:00:00',9,196.00),(603,7,12,'2016-04-23 00:00:00','2016-04-25 00:00:00','2016-04-28 00:00:00',3,161.00),(604,66,14,'2016-04-23 00:00:00','2016-04-25 00:00:00','2016-04-29 00:00:00',4,2763.00),(605,65,14,'2016-04-25 00:00:00','2016-04-27 00:00:00','2016-04-29 00:00:00',5,595.00),(606,23,16,'2016-04-25 00:00:00','2016-04-27 00:00:00','2016-05-02 00:00:00',4,3046.00),(607,38,16,'2016-04-25 00:00:00','2016-04-27 00:00:00','2016-05-01 00:00:00',8,11.00),(608,29,14,'2016-04-25 00:00:00','2016-04-27 00:00:00','2016-04-29 00:00:00',7,64.00),(609,65,15,'2016-04-26 00:00:00','2016-04-28 00:00:00','2016-04-30 00:00:00',4,255.00),(610,36,12,'2016-04-28 00:00:00','2016-04-30 00:00:00','2016-05-02 00:00:00',4,2482.00),(611,24,16,'2016-04-28 00:00:00','2016-04-30 00:00:00','2016-05-04 00:00:00',1,1943.00),(612,70,13,'2016-04-29 00:00:00','2016-05-01 00:00:00','2016-05-03 00:00:00',9,697.00),(613,17,16,'2016-04-29 00:00:00','2016-05-01 00:00:00','2016-05-03 00:00:00',3,109.00),(614,43,12,'2016-04-29 00:00:00','2016-05-01 00:00:00','2016-05-04 00:00:00',4,1177.00),(615,87,16,'2016-04-29 00:00:00','2016-05-01 00:00:00','2016-05-05 00:00:00',5,2786.00),(616,60,13,'2016-05-01 00:00:00','2016-05-03 00:00:00','2016-05-08 00:00:00',4,661.00),(617,13,14,'2016-05-03 00:00:00','2016-05-05 00:00:00','2016-05-07 00:00:00',8,65.00),(618,24,16,'2016-05-03 00:00:00','2016-05-05 00:00:00','2016-05-08 00:00:00',7,4069.00),(619,23,12,'2016-05-04 00:00:00','2016-05-06 00:00:00','2016-05-09 00:00:00',4,73.00),(620,20,13,'2016-05-04 00:00:00','2016-05-06 00:00:00','2016-05-08 00:00:00',4,958.00),(621,59,16,'2016-05-07 00:00:00','2016-05-09 00:00:00','2016-05-12 00:00:00',1,1250.00),(622,29,15,'2016-05-07 00:00:00','2016-05-09 00:00:00','2016-05-11 00:00:00',9,1709.00),(623,64,15,'2016-05-07 00:00:00','2016-05-09 00:00:00','2016-05-12 00:00:00',3,574.00),(624,5,16,'2016-05-09 00:00:00','2016-05-11 00:00:00','2016-05-16 00:00:00',4,2202.00),(625,45,13,'2016-05-12 00:00:00','2016-05-14 00:00:00','2016-05-16 00:00:00',5,159.00),(626,35,14,'2016-05-12 00:00:00','2016-05-14 00:00:00','2016-05-18 00:00:00',4,606.00),(627,78,15,'2016-05-12 00:00:00','2016-05-14 00:00:00','2016-05-16 00:00:00',8,4363.00),(628,49,16,'2016-05-12 00:00:00','2016-05-14 00:00:00','2016-05-16 00:00:00',7,3112.00),(629,9,15,'2016-05-14 00:00:00','2016-05-16 00:00:00','2016-05-19 00:00:00',4,1291.00),(630,30,16,'2016-05-14 00:00:00','2016-05-16 00:00:00','2016-05-21 00:00:00',4,32.00),(631,76,13,'2016-05-15 00:00:00','2016-05-17 00:00:00','2016-05-22 00:00:00',1,298.00),(632,31,16,'2016-05-15 00:00:00','2016-05-17 00:00:00','2016-05-22 00:00:00',9,280.00),(633,86,16,'2016-05-17 00:00:00','2016-05-19 00:00:00','2016-05-21 00:00:00',3,97.00),(634,12,14,'2016-05-18 00:00:00','2016-05-20 00:00:00','2016-05-24 00:00:00',4,56.00),(635,29,11,'2016-05-18 00:00:00','2016-05-20 00:00:00','2016-05-25 00:00:00',5,763.00),(636,5,14,'2016-05-21 00:00:00','2016-05-23 00:00:00','2016-05-26 00:00:00',4,268.00),(637,29,12,'2016-05-21 00:00:00','2016-05-23 00:00:00','2016-05-28 00:00:00',8,3506.00),(638,20,12,'2016-05-22 00:00:00','2016-05-24 00:00:00','2016-05-27 00:00:00',7,1935.00),(639,65,13,'2016-05-22 00:00:00','2016-05-24 00:00:00','2016-05-28 00:00:00',4,285.00),(640,74,13,'2016-05-22 00:00:00','2016-05-24 00:00:00','2016-05-26 00:00:00',4,1129.00),(641,87,16,'2016-05-24 00:00:00','2016-05-26 00:00:00','2016-05-30 00:00:00',1,12123.00),(642,51,16,'2016-05-26 00:00:00','2016-05-28 00:00:00','2016-05-30 00:00:00',9,2515.00),(643,29,14,'2016-05-26 00:00:00','2016-05-28 00:00:00','2016-05-30 00:00:00',3,391.00),(644,49,14,'2016-05-27 00:00:00','2016-05-29 00:00:00','2016-06-03 00:00:00',4,896.00),(645,38,16,'2016-05-28 00:00:00','2016-05-30 00:00:00','2016-06-02 00:00:00',5,97.00),(646,68,12,'2016-05-28 00:00:00','2016-05-30 00:00:00','2016-06-01 00:00:00',4,1872.00),(647,61,15,'2016-05-28 00:00:00','2016-05-30 00:00:00','2016-06-04 00:00:00',8,978.00),(648,40,1,'2016-05-30 00:00:00','2016-06-01 00:00:00','2016-06-05 00:00:00',7,9.00),(649,86,12,'2016-05-31 00:00:00','2016-06-02 00:00:00','2016-06-06 00:00:00',4,882.00),(650,38,16,'2016-05-31 00:00:00','2016-06-02 00:00:00','2016-06-04 00:00:00',4,231.00),(651,4,13,'2016-05-31 00:00:00','2016-06-02 00:00:00','2016-06-04 00:00:00',1,474.00),(652,63,14,'2016-05-31 00:00:00','2016-06-02 00:00:00','2016-06-05 00:00:00',9,3481.00),(653,63,15,'2016-06-01 00:00:00','2016-06-03 00:00:00','2016-06-08 00:00:00',3,888.00),(654,5,15,'2016-06-01 00:00:00','2016-06-03 00:00:00','2016-06-08 00:00:00',4,647.00),(655,18,16,'2016-06-02 00:00:00','2016-06-04 00:00:00','2016-06-08 00:00:00',5,37.00),(656,29,12,'2016-06-02 00:00:00','2016-06-04 00:00:00','2016-06-07 00:00:00',4,1037.00),(657,10,7,'2016-06-02 00:00:00','2016-06-04 00:00:00','2016-06-07 00:00:00',8,976.00),(658,5,13,'2016-06-03 00:00:00','2016-06-05 00:00:00','2016-06-08 00:00:00',7,2182.00),(659,45,12,'2016-06-04 00:00:00','2016-06-06 00:00:00','2016-06-08 00:00:00',4,963.00),(660,12,14,'2016-06-06 00:00:00','2016-06-08 00:00:00','2016-06-13 00:00:00',4,344.00),(661,81,16,'2016-06-07 00:00:00','2016-06-09 00:00:00','2016-06-13 00:00:00',1,1301.00),(662,62,16,'2016-06-07 00:00:00','2016-06-09 00:00:00','2016-06-12 00:00:00',9,1275.00),(663,9,7,'2016-06-09 00:00:00','2016-06-11 00:00:00','2016-06-16 00:00:00',3,2245.00),(664,21,13,'2016-06-11 00:00:00','2016-06-13 00:00:00','2016-06-17 00:00:00',4,429.00),(665,7,14,'2016-06-12 00:00:00','2016-06-14 00:00:00','2016-06-18 00:00:00',5,2634.00),(666,83,14,'2016-06-12 00:00:00','2016-06-14 00:00:00','2016-06-18 00:00:00',4,155.00),(667,4,15,'2016-06-13 00:00:00','2016-06-15 00:00:00','2016-06-19 00:00:00',8,2926.00),(668,70,13,'2016-06-14 00:00:00','2016-06-16 00:00:00','2016-06-18 00:00:00',7,5768.00),(669,40,13,'2016-06-14 00:00:00','2016-06-16 00:00:00','2016-06-20 00:00:00',4,54.00),(670,31,31,'2016-06-14 00:00:00','2016-06-16 00:00:00','2016-06-20 00:00:00',4,376.00),(671,3,11,'2016-06-16 00:00:00','2016-06-18 00:00:00','2016-06-20 00:00:00',1,312.00),(672,23,15,'2016-06-17 00:00:00','2016-06-19 00:00:00','2016-06-24 00:00:00',9,1267.00),(673,67,16,'2016-06-18 00:00:00','2016-06-20 00:00:00','2016-06-25 00:00:00',3,253.00),(674,10,20,'2016-06-19 00:00:00','2016-06-21 00:00:00','2016-06-26 00:00:00',4,473.00),(675,26,16,'2016-06-19 00:00:00','2016-06-21 00:00:00','2016-06-24 00:00:00',5,99.00),(676,88,13,'2016-06-19 00:00:00','2016-06-21 00:00:00','2016-06-25 00:00:00',4,16.00),(677,75,13,'2016-06-20 00:00:00','2016-06-22 00:00:00','2016-06-26 00:00:00',8,350.00),(678,9,15,'2016-06-20 00:00:00','2016-06-22 00:00:00','2016-06-26 00:00:00',7,402.00),(679,69,13,'2016-06-22 00:00:00','2016-06-24 00:00:00','2016-06-29 00:00:00',4,1302.00),(680,79,7,'2016-06-22 00:00:00','2016-06-24 00:00:00','2016-06-28 00:00:00',4,595.00),(681,21,14,'2016-06-24 00:00:00','2016-06-26 00:00:00','2016-06-28 00:00:00',1,70.00),(682,22,16,'2016-06-25 00:00:00','2016-06-27 00:00:00','2016-07-02 00:00:00',9,225.00),(683,26,16,'2016-06-26 00:00:00','2016-06-28 00:00:00','2016-06-30 00:00:00',3,219.00),(684,8,12,'2016-06-28 00:00:00','2016-06-30 00:00:00','2016-07-03 00:00:00',4,1941.00),(685,55,16,'2016-06-28 00:00:00','2016-06-30 00:00:00','2016-07-03 00:00:00',5,1429.00),(686,34,12,'2016-06-29 00:00:00','2016-07-01 00:00:00','2016-07-05 00:00:00',4,88.00),(687,61,16,'2016-06-30 00:00:00','2016-07-02 00:00:00','2016-07-06 00:00:00',8,637.00),(688,88,30,'2016-07-01 00:00:00','2016-07-03 00:00:00','2016-07-06 00:00:00',7,647.00),(689,21,15,'2016-07-01 00:00:00','2016-07-03 00:00:00','2016-07-06 00:00:00',4,3536.00),(690,35,13,'2016-07-03 00:00:00','2016-07-05 00:00:00','2016-07-07 00:00:00',4,902.00),(691,33,13,'2016-07-03 00:00:00','2016-07-05 00:00:00','2016-07-10 00:00:00',1,1345.00),(692,61,12,'2016-07-04 00:00:00','2016-07-06 00:00:00','2016-07-08 00:00:00',9,1521.00),(693,70,16,'2016-07-04 00:00:00','2016-07-06 00:00:00','2016-07-09 00:00:00',3,1552.00),(694,65,12,'2016-07-07 00:00:00','2016-07-09 00:00:00','2016-07-13 00:00:00',4,1286.00),(695,71,16,'2016-07-08 00:00:00','2016-07-10 00:00:00','2016-07-14 00:00:00',5,1405.00),(696,10,16,'2016-07-09 00:00:00','2016-07-11 00:00:00','2016-07-15 00:00:00',4,883.00),(697,54,14,'2016-07-10 00:00:00','2016-07-12 00:00:00','2016-07-14 00:00:00',8,532.00),(698,81,14,'2016-07-10 00:00:00','2016-07-12 00:00:00','2016-07-17 00:00:00',7,1383.00),(699,65,16,'2016-07-11 00:00:00','2016-07-13 00:00:00','2016-07-18 00:00:00',4,1373.00),(700,74,12,'2016-07-12 00:00:00','2016-07-14 00:00:00','2016-07-19 00:00:00',4,3.00),(701,4,1,'2016-07-13 00:00:00','2016-07-15 00:00:00','2016-07-18 00:00:00',1,60.00),(702,23,16,'2016-07-14 00:00:00','2016-07-16 00:00:00','2016-07-19 00:00:00',9,4170.00),(703,17,17,'2016-07-14 00:00:00','2016-07-16 00:00:00','2016-07-20 00:00:00',3,159.00),(704,66,12,'2016-07-15 00:00:00','2016-07-17 00:00:00','2016-07-22 00:00:00',4,123.00),(705,78,13,'2016-07-16 00:00:00','2016-07-18 00:00:00','2016-07-22 00:00:00',5,1290.00),(706,30,15,'2016-07-16 00:00:00','2016-07-18 00:00:00','2016-07-23 00:00:00',4,490.00),(707,8,14,'2016-07-16 00:00:00','2016-07-18 00:00:00','2016-07-22 00:00:00',8,323.00),(708,85,14,'2016-07-17 00:00:00','2016-07-19 00:00:00','2016-07-22 00:00:00',7,691.00),(709,66,11,'2016-07-17 00:00:00','2016-07-19 00:00:00','2016-07-22 00:00:00',4,2747.00),(710,79,12,'2016-07-17 00:00:00','2016-07-19 00:00:00','2016-07-24 00:00:00',4,935.00),(711,1,16,'2016-07-17 00:00:00','2016-07-19 00:00:00','2016-07-23 00:00:00',1,1220.00),(712,86,14,'2016-07-18 00:00:00','2016-07-20 00:00:00','2016-07-25 00:00:00',9,951.00),(713,82,14,'2016-07-19 00:00:00','2016-07-21 00:00:00','2016-07-26 00:00:00',3,96.00),(714,43,15,'2016-07-19 00:00:00','2016-07-21 00:00:00','2016-07-24 00:00:00',4,906.00),(715,71,12,'2016-07-19 00:00:00','2016-07-21 00:00:00','2016-07-26 00:00:00',5,837.00),(716,66,15,'2016-07-19 00:00:00','2016-07-21 00:00:00','2016-07-24 00:00:00',4,272.00),(717,61,16,'2016-07-20 00:00:00','2016-07-22 00:00:00','2016-07-27 00:00:00',8,20152.00),(718,61,30,'2016-07-20 00:00:00','2016-07-22 00:00:00','2016-07-25 00:00:00',7,933.00),(719,45,19,'2016-07-22 00:00:00','2016-07-24 00:00:00','2016-07-26 00:00:00',4,842.00),(720,47,13,'2016-07-23 00:00:00','2016-07-25 00:00:00','2016-07-27 00:00:00',4,498.00),(721,52,13,'2016-07-23 00:00:00','2016-07-25 00:00:00','2016-07-27 00:00:00',1,82.00),(722,31,16,'2016-07-24 00:00:00','2016-07-26 00:00:00','2016-07-29 00:00:00',9,67.00),(723,64,14,'2016-07-24 00:00:00','2016-07-26 00:00:00','2016-07-29 00:00:00',3,1195.00),(724,36,16,'2016-07-24 00:00:00','2016-07-26 00:00:00','2016-07-29 00:00:00',4,1634.00),(725,33,15,'2016-07-26 00:00:00','2016-07-28 00:00:00','2016-07-30 00:00:00',5,1373.00),(726,73,12,'2016-07-28 00:00:00','2016-07-30 00:00:00','2016-08-04 00:00:00',4,86.00),(727,19,16,'2016-07-28 00:00:00','2016-07-30 00:00:00','2016-08-03 00:00:00',8,331.00),(728,57,15,'2016-07-29 00:00:00','2016-07-31 00:00:00','2016-08-02 00:00:00',7,105.00),(729,36,13,'2016-07-30 00:00:00','2016-08-01 00:00:00','2016-08-05 00:00:00',4,3364.00),(730,53,16,'2016-07-30 00:00:00','2016-08-01 00:00:00','2016-08-03 00:00:00',4,162.00),(731,23,15,'2016-07-30 00:00:00','2016-08-01 00:00:00','2016-08-04 00:00:00',1,3760.00),(732,69,13,'2016-07-31 00:00:00','2016-08-02 00:00:00','2016-08-04 00:00:00',9,2322.00),(733,20,13,'2016-08-01 00:00:00','2016-08-03 00:00:00','2016-08-06 00:00:00',3,2810.00),(734,36,25,'2016-08-02 00:00:00','2016-08-04 00:00:00','2016-08-09 00:00:00',4,1798.00),(735,74,34,'2016-08-05 00:00:00','2016-08-07 00:00:00','2016-08-11 00:00:00',5,125.00),(736,74,14,'2016-08-07 00:00:00','2016-08-09 00:00:00','2016-08-14 00:00:00',4,1026.00),(737,89,13,'2016-08-08 00:00:00','2016-08-10 00:00:00','2016-08-13 00:00:00',8,78.00),(738,9,14,'2016-08-08 00:00:00','2016-08-10 00:00:00','2016-08-15 00:00:00',7,1264.00),(739,68,13,'2016-08-10 00:00:00','2016-08-12 00:00:00','2016-08-15 00:00:00',4,772.00),(740,53,16,'2016-08-10 00:00:00','2016-08-12 00:00:00','2016-08-17 00:00:00',4,25.00),(741,40,12,'2016-08-12 00:00:00','2016-08-14 00:00:00','2016-08-19 00:00:00',1,1913.00),(742,9,16,'2016-08-13 00:00:00','2016-08-15 00:00:00','2016-08-19 00:00:00',9,1920.00),(743,3,16,'2016-08-13 00:00:00','2016-08-15 00:00:00','2016-08-17 00:00:00',3,440.00),(744,24,14,'2016-08-14 00:00:00','2016-08-16 00:00:00','2016-08-20 00:00:00',4,637.00),(745,12,15,'2016-08-15 00:00:00','2016-08-17 00:00:00','2016-08-21 00:00:00',5,6.00),(746,23,22,'2016-08-16 00:00:00','2016-08-18 00:00:00','2016-08-22 00:00:00',4,3946.00),(747,46,13,'2016-08-17 00:00:00','2016-08-19 00:00:00','2016-08-22 00:00:00',8,624.00),(748,10,15,'2016-08-17 00:00:00','2016-08-19 00:00:00','2016-08-22 00:00:00',7,1411.00),(749,61,16,'2016-08-20 00:00:00','2016-08-22 00:00:00','2016-08-24 00:00:00',4,1536.00),(750,34,15,'2016-08-20 00:00:00','2016-08-22 00:00:00','2016-08-25 00:00:00',4,1241.00),(751,35,14,'2016-08-21 00:00:00','2016-08-23 00:00:00','2016-08-27 00:00:00',1,402.00),(752,23,14,'2016-08-22 00:00:00','2016-08-24 00:00:00','2016-08-26 00:00:00',9,358.00),(753,77,8,'2016-08-22 00:00:00','2016-08-24 00:00:00','2016-08-29 00:00:00',3,28.00),(754,5,16,'2016-08-22 00:00:00','2016-08-24 00:00:00','2016-08-29 00:00:00',4,1105.00),(755,78,15,'2016-08-22 00:00:00','2016-08-24 00:00:00','2016-08-28 00:00:00',5,70.00),(756,78,15,'2016-08-23 00:00:00','2016-08-25 00:00:00','2016-08-30 00:00:00',4,40.00),(757,51,12,'2016-08-23 00:00:00','2016-08-25 00:00:00','2016-08-29 00:00:00',8,11.00),(758,69,14,'2016-08-23 00:00:00','2016-08-25 00:00:00','2016-08-29 00:00:00',7,9751.00),(759,54,16,'2016-08-23 00:00:00','2016-08-25 00:00:00','2016-08-27 00:00:00',4,3419.00),(760,61,5,'2016-08-25 00:00:00','2016-08-27 00:00:00','2016-08-31 00:00:00',4,3893.00),(761,60,1,'2016-08-26 00:00:00','2016-08-28 00:00:00','2016-08-30 00:00:00',1,17815.00),(762,62,16,'2016-08-27 00:00:00','2016-08-29 00:00:00','2016-08-31 00:00:00',9,776.00),(763,37,13,'2016-08-27 00:00:00','2016-08-29 00:00:00','2016-09-01 00:00:00',3,327.00),(764,10,14,'2016-08-27 00:00:00','2016-08-29 00:00:00','2016-08-31 00:00:00',4,645.00),(765,40,33,'2016-08-28 00:00:00','2016-08-30 00:00:00','2016-09-04 00:00:00',5,158.00),(766,62,15,'2016-08-29 00:00:00','2016-08-31 00:00:00','2016-09-04 00:00:00',4,451.00),(767,80,12,'2016-08-29 00:00:00','2016-08-31 00:00:00','2016-09-04 00:00:00',8,140.00),(768,1,13,'2016-08-30 00:00:00','2016-09-01 00:00:00','2016-09-04 00:00:00',7,589.00),(769,69,12,'2016-09-01 00:00:00','2016-09-03 00:00:00','2016-09-07 00:00:00',4,1491.00),(770,59,13,'2016-09-01 00:00:00','2016-09-03 00:00:00','2016-09-05 00:00:00',4,695.00),(771,50,12,'2016-09-03 00:00:00','2016-09-05 00:00:00','2016-09-10 00:00:00',1,895.00),(772,68,13,'2016-09-04 00:00:00','2016-09-06 00:00:00','2016-09-10 00:00:00',9,267.00),(773,4,13,'2016-09-08 00:00:00','2016-09-10 00:00:00','2016-09-13 00:00:00',3,474.00),(774,43,14,'2016-09-11 00:00:00','2016-09-13 00:00:00','2016-09-18 00:00:00',4,642.00),(775,40,25,'2016-09-11 00:00:00','2016-09-13 00:00:00','2016-09-18 00:00:00',5,17.00),(776,85,14,'2016-09-12 00:00:00','2016-09-14 00:00:00','2016-09-19 00:00:00',4,514.00),(777,69,16,'2016-09-12 00:00:00','2016-09-14 00:00:00','2016-09-19 00:00:00',8,1730.00),(778,81,15,'2016-09-12 00:00:00','2016-09-14 00:00:00','2016-09-19 00:00:00',7,58.00),(779,57,7,'2016-09-12 00:00:00','2016-09-14 00:00:00','2016-09-19 00:00:00',4,2346.00),(780,63,14,'2016-09-13 00:00:00','2016-09-15 00:00:00','2016-09-20 00:00:00',4,2841.00),(781,30,15,'2016-09-13 00:00:00','2016-09-15 00:00:00','2016-09-19 00:00:00',1,675.00),(782,78,15,'2016-09-14 00:00:00','2016-09-16 00:00:00','2016-09-21 00:00:00',9,423.00),(783,80,13,'2016-09-15 00:00:00','2016-09-17 00:00:00','2016-09-21 00:00:00',3,508.00),(784,69,15,'2016-09-15 00:00:00','2016-09-17 00:00:00','2016-09-20 00:00:00',4,4544.00),(785,82,16,'2016-09-16 00:00:00','2016-09-18 00:00:00','2016-09-21 00:00:00',5,171.00),(786,26,14,'2016-09-16 00:00:00','2016-09-18 00:00:00','2016-09-23 00:00:00',4,60.00),(787,88,12,'2016-09-16 00:00:00','2016-09-18 00:00:00','2016-09-22 00:00:00',8,170.00),(788,84,16,'2016-09-17 00:00:00','2016-09-19 00:00:00','2016-09-23 00:00:00',7,15.00),(789,66,13,'2016-09-18 00:00:00','2016-09-20 00:00:00','2016-09-23 00:00:00',4,1577.00),(790,59,14,'2016-09-19 00:00:00','2016-09-21 00:00:00','2016-09-26 00:00:00',4,190.00),(791,23,14,'2016-09-20 00:00:00','2016-09-22 00:00:00','2016-09-26 00:00:00',1,24.00),(792,19,28,'2016-09-20 00:00:00','2016-09-22 00:00:00','2016-09-26 00:00:00',9,3709.00),(793,79,13,'2016-09-21 00:00:00','2016-09-23 00:00:00','2016-09-28 00:00:00',3,1636.00),(794,28,15,'2016-09-22 00:00:00','2016-09-24 00:00:00','2016-09-29 00:00:00',4,202.00),(795,75,12,'2016-09-22 00:00:00','2016-09-24 00:00:00','2016-09-27 00:00:00',5,4746.00),(796,50,13,'2016-09-23 00:00:00','2016-09-25 00:00:00','2016-09-28 00:00:00',4,7582.00),(797,56,31,'2016-09-25 00:00:00','2016-09-27 00:00:00','2016-09-30 00:00:00',8,499.00),(798,9,13,'2016-09-25 00:00:00','2016-09-27 00:00:00','2016-10-02 00:00:00',7,765.00),(799,85,15,'2016-09-26 00:00:00','2016-09-28 00:00:00','2016-10-03 00:00:00',4,11.00),(800,20,13,'2016-09-26 00:00:00','2016-09-28 00:00:00','2016-10-01 00:00:00',4,1357.00),(801,87,13,'2016-09-26 00:00:00','2016-09-28 00:00:00','2016-10-01 00:00:00',1,434.00),(802,80,2,'2016-09-28 00:00:00','2016-09-30 00:00:00','2016-10-04 00:00:00',9,752.00),(803,17,13,'2016-09-29 00:00:00','2016-10-01 00:00:00','2016-10-06 00:00:00',3,667.00),(804,50,16,'2016-10-02 00:00:00','2016-10-04 00:00:00','2016-10-09 00:00:00',4,3779.00),(805,37,14,'2016-10-08 00:00:00','2016-10-10 00:00:00','2016-10-13 00:00:00',5,835.00),(806,37,12,'2016-10-08 00:00:00','2016-10-10 00:00:00','2016-10-15 00:00:00',4,3094.00),(807,18,13,'2016-10-09 00:00:00','2016-10-11 00:00:00','2016-10-15 00:00:00',8,88.00),(808,46,14,'2016-10-09 00:00:00','2016-10-11 00:00:00','2016-10-14 00:00:00',7,1185.00),(809,81,15,'2016-10-10 00:00:00','2016-10-12 00:00:00','2016-10-17 00:00:00',4,271.00),(810,5,16,'2016-10-10 00:00:00','2016-10-12 00:00:00','2016-10-16 00:00:00',4,186.00),(811,50,14,'2016-10-11 00:00:00','2016-10-13 00:00:00','2016-10-16 00:00:00',1,1056.00),(812,63,15,'2016-10-12 00:00:00','2016-10-14 00:00:00','2016-10-16 00:00:00',9,3003.00),(813,34,16,'2016-10-12 00:00:00','2016-10-14 00:00:00','2016-10-16 00:00:00',3,2418.00),(814,3,12,'2016-10-13 00:00:00','2016-10-15 00:00:00','2016-10-20 00:00:00',4,722.00),(815,89,13,'2016-10-13 00:00:00','2016-10-15 00:00:00','2016-10-18 00:00:00',5,525.00),(816,64,15,'2016-10-14 00:00:00','2016-10-16 00:00:00','2016-10-19 00:00:00',4,88.00),(817,34,12,'2016-10-15 00:00:00','2016-10-17 00:00:00','2016-10-20 00:00:00',8,1638.00),(818,85,13,'2016-10-15 00:00:00','2016-10-17 00:00:00','2016-10-20 00:00:00',7,399.00),(819,61,12,'2016-10-17 00:00:00','2016-10-19 00:00:00','2016-10-23 00:00:00',4,4089.00),(820,43,14,'2016-10-17 00:00:00','2016-10-19 00:00:00','2016-10-21 00:00:00',4,1825.00),(821,78,13,'2016-10-17 00:00:00','2016-10-19 00:00:00','2016-10-24 00:00:00',1,1088.00),(822,60,12,'2016-10-17 00:00:00','2016-10-19 00:00:00','2016-10-24 00:00:00',9,1635.00),(823,2,16,'2016-10-19 00:00:00','2016-10-21 00:00:00','2016-10-25 00:00:00',3,32.00),(824,85,8,'2016-10-24 00:00:00','2016-10-26 00:00:00','2016-10-31 00:00:00',4,75.00),(825,36,16,'2016-10-24 00:00:00','2016-10-26 00:00:00','2016-10-28 00:00:00',5,2846.00),(826,22,12,'2016-10-26 00:00:00','2016-10-28 00:00:00','2016-10-31 00:00:00',4,2012.00),(827,70,16,'2016-10-27 00:00:00','2016-10-29 00:00:00','2016-10-31 00:00:00',8,2865.00),(828,11,14,'2016-10-27 00:00:00','2016-10-29 00:00:00','2016-11-01 00:00:00',7,43.00),(829,24,16,'2016-10-28 00:00:00','2016-10-30 00:00:00','2016-11-02 00:00:00',4,98.00),(830,36,12,'2016-10-29 00:00:00','2016-10-31 00:00:00','2016-11-05 00:00:00',4,334.00);
/*!40000 ALTER TABLE `pedidos` ENABLE KEYS */;
UNLOCK TABLES;

--
-- Table structure for table `productos`
--

DROP TABLE IF EXISTS `productos`;
/*!40101 SET @saved_cs_client     = @@character_set_client */;
/*!40101 SET character_set_client = utf8 */;
CREATE TABLE `productos` (
  `idproducto` int(11) NOT NULL,
  `producto` varchar(255) NOT NULL,
  `descripcion` varchar(255) DEFAULT NULL,
  `precio` decimal(6,2) NOT NULL,
  `stock` int(11) NOT NULL,
  `idcategoria` smallint(6) NOT NULL,
  `idproveedor` int(11) NOT NULL,
  `suspendido` varchar(5) DEFAULT NULL,
  PRIMARY KEY (`idproducto`),
  KEY `precio_index` (`precio`),
  KEY `stock_index` (`stock`),
  KEY `idcategoria__index` (`idcategoria`),
  KEY `idproveedor__index` (`idproveedor`),
  CONSTRAINT `fk_categoria` FOREIGN KEY (`idcategoria`) REFERENCES `categorias` (`idcategoria`) ON DELETE NO ACTION ON UPDATE NO ACTION,
  CONSTRAINT `fk_proveedor` FOREIGN KEY (`idproveedor`) REFERENCES `proveedores` (`idproveedor`) ON DELETE NO ACTION ON UPDATE NO ACTION
) ENGINE=InnoDB DEFAULT CHARSET=utf8;
/*!40101 SET character_set_client = @saved_cs_client */;

--
-- Dumping data for table `productos`
--

LOCK TABLES `productos` WRITE;
/*!40000 ALTER TABLE `productos` DISABLE KEYS */;
INSERT INTO `productos` VALUES (1,'Té Dharamsala','10 cajas x 20 bolsas',180.00,39,1,1,'FALSE'),(2,'Cerveza tibetana Barley','24 - bot. 12 l',190.00,17,1,1,'FALSE'),(3,'Sirope de regaliz','12 - bot. 550 ml',100.00,13,2,1,'FALSE'),(4,'Especias Cajun del chef Anton','48 - frascos 6 l',220.00,53,2,2,'FALSE'),(5,'Mezcla Gumbo del chef Anton','36 cajas',213.00,0,2,2,'TRUE'),(6,'Mermelada de grosellas de la abuela','12 - frascos 8 l',250.00,120,2,3,'FALSE'),(7,'Peras secas orgánicas del tío Bob','12 - paq. 1 kg',300.00,15,7,3,'FALSE'),(8,'Salsa de arándanos Northwoods','12 - frascos 12 l',400.00,6,2,3,'FALSE'),(9,'Buey Mishi Kobe','18 - paq. 500 g',970.00,29,6,4,'TRUE'),(10,'Pez espada','12 - frascos 200 ml',310.00,31,8,4,'FALSE'),(11,'Queso Cabrales','paq. 1 kg',210.00,22,4,5,'FALSE'),(12,'Queso Manchego La Pastora','10 - paq. 500 g',380.00,86,4,5,'FALSE'),(13,'Algas Konbu','caja 2 kg',60.00,24,8,6,'FALSE'),(14,'Cuajada de judías','40 - paq. 100 g',232.00,35,7,6,'FALSE'),(15,'Salsa de soja baja en sodio','24 - bot. 250 ml',155.00,39,2,6,'FALSE'),(16,'Postre de merengue Pavlova','32 - cajas 500 g',174.00,29,3,7,'FALSE'),(17,'Cordero Alice Springs','20 - latas 1 kg',390.00,0,6,7,'TRUE'),(18,'Langostinos tigre Carnarvon','paq. 16 kg',625.00,42,8,7,'FALSE'),(19,'Pastas de té de chocolate','10 cajas x 12 piezas',92.00,25,3,8,'FALSE'),(20,'Mermelada de Sir Rodney\'s','30 cajas regalo',810.00,40,3,8,'FALSE'),(21,'Bollos de Sir Rodney\'s','24 paq. x 4 piezas',100.00,3,3,8,'FALSE'),(22,'Pan de centeno crujiente estilo Gustaf\'s','24 - paq. 500 g',210.00,104,5,9,'FALSE'),(23,'Pan fino','12 - paq. 250 g',90.00,61,5,9,'FALSE'),(24,'Refresco Guaraná Fantástica','12 - latas 355 ml',45.00,20,1,10,'TRUE'),(25,'Crema de chocolate y nueces NuNuCa','20 - vasos  450 g',140.00,76,3,11,'FALSE'),(26,'Ositos de goma Gumbär','100 - bolsas 250 g',312.00,15,3,11,'FALSE'),(27,'Chocolate Schoggi','100 - piezas 100 g',439.00,49,3,11,'FALSE'),(28,'Col fermentada Rössle','25 - latas 825 g',456.00,26,7,12,'TRUE'),(29,'Salchicha Thüringer','50 bolsas x 30 salch',1237.00,0,6,12,'TRUE'),(30,'Arenque blanco del noroeste','10 - vasos 200 g',258.00,10,8,13,'FALSE'),(31,'Queso gorgonzola Telino','12 - paq. 100 g',125.00,0,4,14,'FALSE'),(32,'Queso Mascarpone Fabioli','24 - paq. 200 g',320.00,9,4,14,'FALSE'),(33,'Queso de cabra','500 g',25.00,112,4,15,'FALSE'),(34,'Cerveza Sasquatch','24 - bot. 12 l',140.00,111,1,16,'FALSE'),(35,'Cerveza negra Steeleye','24 - bot. 12 l',180.00,20,1,16,'FALSE'),(36,'Escabeche de arenque','24 - frascos 250 g',190.00,112,8,17,'FALSE'),(37,'Salmón ahumado Gravad','12 - paq. 500 g',260.00,11,8,17,'FALSE'),(38,'Vino Côte de Blaye','12 - bot. 75 cl',2635.00,17,1,18,'FALSE'),(39,'Licor verde Chartreuse','750 cc por bot.',180.00,69,1,18,'FALSE'),(40,'Carne de cangrejo de Boston','24 - latas 4 l',184.00,123,8,19,'FALSE'),(41,'Crema de almejas estilo Nueva Inglaterra','12 - latas 12 l',96.00,85,8,19,'FALSE'),(42,'Tallarines de Singapur','32 - 1 kg paq.',140.00,26,5,20,'TRUE'),(43,'Café de Malasia','16 - latas 500 g',460.00,17,1,20,'FALSE'),(44,'Azúcar negra Malacca','20 - bolsas 2 kg',194.00,27,2,20,'FALSE'),(45,'Arenque ahumado','paq. 1k',95.00,5,8,21,'FALSE'),(46,'Arenque salado','4 - vasos 450 g',120.00,95,8,21,'FALSE'),(47,'Galletas Zaanse','10 - cajas 4 l',95.00,36,3,22,'FALSE'),(48,'Chocolate holandés','10 paq.',127.00,15,3,22,'FALSE'),(49,'Regaliz','24 - paq. 50 g',200.00,10,3,23,'FALSE'),(50,'Chocolate blanco','12 - barras 100 g',162.00,65,3,23,'FALSE'),(51,'Manzanas secas Manjimup','50 - paq. 300 g',530.00,20,7,24,'FALSE'),(52,'Cereales para Filo','16 - cajas 2 kg',70.00,38,5,24,'FALSE'),(53,'Empanada de carne','48 porc.',328.00,0,6,24,'TRUE'),(54,'Empanada de cerdo','16 tartas',74.00,21,6,25,'FALSE'),(55,'Paté chino','24 cajas x 2 tartas',240.00,115,6,25,'FALSE'),(56,'Gnocchi de la abuela Alicia','24 - paq. 250 g',380.00,21,5,26,'FALSE'),(57,'Raviolis Angelo','24 - paq. 250 g',195.00,36,5,26,'FALSE'),(58,'Caracoles de Borgoña','24 porc.',132.00,62,8,27,'FALSE'),(59,'Raclet de queso Courdavault','paq. 5 kg',550.00,79,4,28,'FALSE'),(60,'Camembert Pierrot','15 - paq. 300 g',340.00,19,4,28,'FALSE'),(61,'Sirope de arce','24 - bot. 500 ml',285.00,113,2,29,'FALSE'),(62,'Tarta de azúcar','48 tartas',493.00,17,3,29,'FALSE'),(63,'Sandwich de vegetales','15 - frascos 625 g',439.00,24,2,7,'FALSE'),(64,'Bollos de pan de Wimmer','20 bolsas x 4 porc.',332.00,22,5,12,'FALSE'),(65,'Salsa de pimiento picante de Luisiana','32 - bot. 8 l',210.00,76,2,2,'FALSE'),(66,'Especias picantes de Luisiana','24 - frascos 8 l',170.00,4,2,2,'FALSE'),(67,'Cerveza Laughing Lumberjack','24 - bot. 12 l',140.00,52,1,16,'FALSE'),(68,'Barras de pan de Escocia','10 cajas x 8 porc.',125.00,6,3,8,'FALSE'),(69,'Queso Gudbrandsdals','paq. 10 kg',360.00,26,4,15,'FALSE'),(70,'Cerveza Outback','24 - bot. 355 ml',150.00,15,1,7,'FALSE'),(71,'Crema de queso Fløtemys','10 - paq. 500 g',215.00,26,4,15,'FALSE'),(72,'Queso Mozzarella Giovanni','24 - paq. 200 g',348.00,14,4,14,'FALSE'),(73,'Caviar rojo','24 - frascos150 g',150.00,101,8,17,'FALSE'),(74,'Queso de soja Longlife','paq. 5 kg',100.00,4,7,4,'FALSE'),(75,'Cerveza Klosterbier Rhönbräu','24 - bot. 0,5 l',77.00,125,1,12,'FALSE'),(76,'Licor Cloudberry','500 ml',180.00,57,1,23,'FALSE'),(77,'Salsa verde original Frankfurter','12 cajas',130.00,32,2,12,'FALSE');
/*!40000 ALTER TABLE `productos` ENABLE KEYS */;
UNLOCK TABLES;

--
-- Table structure for table `proveedores`
--

DROP TABLE IF EXISTS `proveedores`;
/*!40101 SET @saved_cs_client     = @@character_set_client */;
/*!40101 SET character_set_client = utf8 */;
CREATE TABLE `proveedores` (
  `idproveedor` int(11) NOT NULL,
  `proveedor` varchar(50) NOT NULL,
  `direccion` varchar(45) DEFAULT NULL,
  `ciudad` varchar(25) DEFAULT NULL,
  `codpostal` varchar(12) DEFAULT NULL,
  `pais` varchar(25) DEFAULT NULL,
  `telfono` varchar(25) DEFAULT NULL,
  `fax` varchar(25) DEFAULT NULL,
  `paginaprincipal` varchar(255) DEFAULT NULL,
  PRIMARY KEY (`idproveedor`)
) ENGINE=InnoDB DEFAULT CHARSET=utf8;
/*!40101 SET character_set_client = @saved_cs_client */;

--
-- Dumping data for table `proveedores`
--

LOCK TABLES `proveedores` WRITE;
/*!40000 ALTER TABLE `proveedores` DISABLE KEYS */;
INSERT INTO `proveedores` VALUES (1,'Exotic Liquids','49 Gilbert St.','Londres','EC1 4SD','Reino Unido','(171) 555-2222',NULL,NULL),(2,'New Orleans Cajun Delights','P.O. Box 78934','New Orleans','70117','Estados Unidos','(100) 555-4822',NULL,'CAJUN.HTM#CAJUN.HTM#'),(3,'Grandma Kelly\'s Homestead','707 Oxford Rd.','Ann Arbor','48104','Estados Unidos','(313) 555-5735','(313) 555-3349',NULL),(4,'Tokyo Traders','9-8 Sekimai Musashino-shi','Tokyo','100','Japón','(03) 3555-5011',NULL,NULL),(5,'Cooperativa de Quesos \'Las Cabras\'','Calle del Rosal 4','Oviedo','33007','España','(98) 598 76 54',NULL,NULL),(6,'Mayumi\'s','92 Setsuko Chuo-ku','Osaka','545','Japón','(06) 431-7877',NULL,'www.microsoft.com/accessdev/sampleapps/mayumi'),(7,'Pavlova, Ltd.','74 Rose St.Moonie Ponds','Melbourne','3058','Australia','(03) 444-2343','(03) 444-6588',NULL),(8,'Specialty Biscuits, Ltd.','29 King\'s Way','Manchester','M14 GSD','Reino Unido','(161) 555-4448',NULL,NULL),(9,'PB Knäckebröd AB','Kaloadagatan 13','Göteborg','S-345 67','Suecia','031-987 65 43','031-987 65 91',NULL),(10,'Refrescos Americanas LTDA','Av. das Americanas 12.890','São Paulo','5442','Brasil','(11) 555 4640',NULL,NULL),(11,'Heli Süßwaren GmbH & Co. KG','Tiergartenstraße 5','Berlín','10785','Alemania','(010) 9984510',NULL,NULL),(12,'Plutzer Lebensmittelgroßmärkte AG','Bogenallee 51','Frankfurt','60439','Alemania','(069) 992755',NULL,'www.microsoft.com/accessdev/sampleapps/plutzer'),(13,'Nord-Ost-Fisch Handelsgesellschaft mbH','Frahmredder 112a','Cuxhaven','27478','Alemania','(04721) 8713','(04721) 8714','\'\''),(14,'Formaggi Fortini s.r.l.','Viale Dante, 75','Ravenna','48100','Italia','(0544) 60323','(0544) 60603','FORMAGGI.HTM#FORMAGGI.HTM#'),(15,'Norske Meierier','Hatlevegen 5','Sandvika','1320','Noruega','(0)2-953010',NULL,NULL),(16,'Bigfoot Breweries','3400 - 8th Avenue Suite 210','Bend','97101','Estados Unidos','(503) 555-9931',NULL,NULL),(17,'Svensk Sjöföda AB','Brovallavägen 231','Stockholm','S-123 45','Suecia','08-123 45 67',NULL,NULL),(18,'Aux joyeux ecclésiastiques','203, Rue des Francs-Bourgeois','París','75004','Francia','(1) 03.83.00.68','(1) 03.83.00.62',NULL),(19,'New England Seafood Cannery','Order Processing Dept.2100 Paul Revere Blvd.','Boston','2134','Estados Unidos','(617) 555-3267','(617) 555-3389',NULL),(20,'Leka Trading','471 Serangoon Loop, Suite #402','Singapore','512','Singapur','555-8787','\'\'',NULL),(21,'Lyngbysild','Lyngbysild Fiskebakken 10','Lyngby','2800','Dinamarca','43844108','43844115',NULL),(22,'Zaanse Snoepfabriek','Verkoop Rijnweg 22','Zaandam','9999 ZZ','Holanda','(12345) 1212','(12345) 1210',NULL),(23,'Karkki Oy','Valtakatu 12','Lappeenranta','53120','Finlandia','(953) 10956',NULL,NULL),(24,'G\'day, Mate','170 Prince Edward Parade Hunter\'s Hill','Sydney','2042','Australia','(02) 555-5914','(02) 555-4873','www.microsoft.com/accessdev/sampleapps/gdaymate'),(25,'Ma Maison','2960 Rue St. Laurent','Montréal','H1J 1C3','Canadá','(514) 555-9022',NULL,NULL),(26,'Pasta Buttini s.r.l.','Via dei Gelsomini, 153','Salerno','84100','Italia','(089) 6547665','(089) 6547667',NULL),(27,'Escargots Nouveaux','22, rue H. Voiron','Montceau','71300','Francia','85.57.00.07',NULL,NULL),(28,'Gai pâturage','Bat. B 3, rue des Alpes','Annecy','74000','Francia','38.76.98.06','38.76.98.58',NULL),(29,'Forêts d\'érables','148 rue Chasseur','Ste-Hyacinthe','J2S 7S8','Canadá','(514) 555-2955','(514) 555-2921',NULL);
/*!40000 ALTER TABLE `proveedores` ENABLE KEYS */;
UNLOCK TABLES;

--
-- Table structure for table `sector`
--

DROP TABLE IF EXISTS `sector`;
/*!40101 SET @saved_cs_client     = @@character_set_client */;
/*!40101 SET character_set_client = utf8 */;
CREATE TABLE `sector` (
  `idsector` smallint(6) NOT NULL,
  `sector` varchar(50) NOT NULL,
  PRIMARY KEY (`idsector`)
) ENGINE=InnoDB DEFAULT CHARSET=utf8;
/*!40101 SET character_set_client = @saved_cs_client */;

--
-- Dumping data for table `sector`
--

LOCK TABLES `sector` WRITE;
/*!40000 ALTER TABLE `sector` DISABLE KEYS */;
INSERT INTO `sector` VALUES (1,'Compras'),(2,'Ventas'),(3,'Deposito'),(4,'Administracion'),(5,'Gerencia'),(6,'Recursos Humanos'),(7,'Direccion');
/*!40000 ALTER TABLE `sector` ENABLE KEYS */;
UNLOCK TABLES;

--
-- Dumping events for database 'cbd1'
--

--
-- Dumping routines for database 'cbd1'
--
/*!40103 SET TIME_ZONE=@OLD_TIME_ZONE */;

/*!40101 SET SQL_MODE=@OLD_SQL_MODE */;
/*!40014 SET FOREIGN_KEY_CHECKS=@OLD_FOREIGN_KEY_CHECKS */;
/*!40014 SET UNIQUE_CHECKS=@OLD_UNIQUE_CHECKS */;
/*!40101 SET CHARACTER_SET_CLIENT=@OLD_CHARACTER_SET_CLIENT */;
/*!40101 SET CHARACTER_SET_RESULTS=@OLD_CHARACTER_SET_RESULTS */;
/*!40101 SET COLLATION_CONNECTION=@OLD_COLLATION_CONNECTION */;
/*!40111 SET SQL_NOTES=@OLD_SQL_NOTES */;

-- Dump completed on 2018-11-22 15:30:20
